Lv,RequiredExp,,
1,21,20169850000,50195770881
2,23,,
3,29,,
4,38,,
5,52,,
6,70,,
7,93,,
8,122,,
9,157,,
10,199,,
11,247,,
12,302,,
13,365,,
14,435,,
15,513,,
16,599,,
17,694,,
18,798,,
19,910,,
20,1032,,
21,1163,,
22,1304,,
23,1455,,
24,1616,,
25,1788,,
26,1970,,
27,2163,,
28,2367,,
29,2582,,
30,2809,,
31,3047,,
32,3297,,
33,3559,,
34,3833,,
35,4120,,
36,4419,,
37,4731,,
38,5055,,
39,5393,,
40,5744,,
41,6109,,
42,6487,,
43,6879,,
44,7285,,
45,7704,,
46,8138,,
47,8587,,
48,9050,,
49,9527,,
50,10020,,
51,10528,,
52,11050,,
53,11588,,
54,12142,,
55,12711,,
56,13295,,
57,13896,,
58,14513,,
59,15145,,
60,15794,,
61,28079,,
62,29227,,
63,30404,,
64,31612,,
65,32851,,
66,34121,,
67,35421,,
68,36753,,
69,38117,,
70,39513,,
71,40941,,
72,42402,,
73,43895,,
74,45422,,
75,46982,,
76,48575,,
77,50203,,
78,51864,,
79,53561,,
80,55291,,
81,57057,,
82,58858,,
83,60694,,
84,62567,,
85,64475,,
86,66419,,
87,68400,,
88,70418,,
89,72473,,
90,74565,,
91,76694,,
92,78862,,
93,81067,,
94,83311,,
95,85593,,
96,87914,,
97,90274,,
98,92673,,
99,95112,,
100,97590,,
101,170667,,
102,175187,,
103,179783,,
104,184456,,
105,189205,,
106,194032,,
107,198937,,
108,203921,,
109,208984,,
110,214126,,
111,219348,,
112,224651,,
113,230035,,
114,235501,,
115,241048,,
116,246679,,
117,252392,,
118,258189,,
119,264070,,
120,270036,,
121,276087,,
122,282224,,
123,288447,,
124,294756,,
125,301152,,
126,307636,,
127,314208,,
128,320869,,
129,327618,,
130,334458,,
131,341387,,
132,348407,,
133,355517,,
134,362719,,
135,370014,,
136,377400,,
137,384880,,
138,392453,,
138,400119,,
140,407880,,
141,415736,,
142,423687,,
143,431734,,
144,439878,,
145,448117,,
146,456454,,
147,464889,,
148,473422,,
149,482053,,
150,490784,,
151,886262,,
152,902660,,
153,919253,,
154,936042,,
155,953029,,
156,970215,,
157,987599,,
158,1005185,,
159,1022971,,
160,1040961,,
161,1059153,,
162,1077551,,
163,1096153,,
164,1114963,,
165,1133980,,
166,1153205,,
167,1172641,,
168,1192286,,
169,1212144,,
170,1232214,,
171,1252497,,
172,1272996,,
173,1293710,,
174,1314640,,
175,1335789,,
176,1357156,,
177,1378742,,
178,1400549,,
179,1422578,,
180,1444830,,
181,1467305,,
182,1490004,,
183,1512930,,
184,1536082,,
185,1559461,,
186,1583069,,
187,1606907,,
188,1630975,,
189,1655275,,
190,1679808,,
191,1704573,,
192,1729574,,
193,1754810,,
194,1780282,,
195,1805992,,
196,1831940,,
197,1858128,,
198,1884556,,
199,1911225,,
200,1938136,,
201,3582609,,
202,3634312,,
203,3686502,,
204,3739184,,
205,3792358,,
206,3846028,,
207,3900195,,
208,3954861,,
209,4010029,,
210,4065701,,
211,4121879,,
212,4178565,,
213,4235761,,
214,4293470,,
215,4351693,,
216,4410433,,
217,4469692,,
218,4529473,,
219,4589776,,
220,4650605,,
221,4711962,,
222,4773849,,
223,4836267,,
224,4899219,,
225,4962708,,
226,5026735,,
227,5091303,,
228,5156413,,
229,5222069,,
230,5288271,,
231,5355022,,
232,5422325,,
233,5490181,,
234,5558593,,
235,5627562,,
236,5697092,,
237,5767183,,
238,5837839,,
239,5909061,,
240,5980851,,
241,6053212,,
242,6126145,,
243,6199654,,
244,6273740,,
245,6348404,,
246,6423650,,
247,6499480,,
248,6575895,,
249,6652897,,
250,6730490,,
251,6808674,,
252,6887453,,
253,6966827,,
254,7046800,,
255,7127374,,
256,11453773,,
257,11611674,,
258,11769575,,
259,11927476,,
260,12085377,,
261,12243278,,
262,12401179,,
263,12559080,,
264,12716981,,
265,12874882,,
266,13032783,,
267,13190684,,
268,13348585,,
269,13506486,,
270,13664387,,
271,13822288,,
272,13980189,,
273,14138090,,
274,14295991,,
275,14453892,,
276,14611793,,
277,14769694,,
278,14927595,,
279,15085496,,
280,15243397,,
281,15401298,,
282,15559199,,
283,15717100,,
284,15875001,,
285,16032902,,
286,16190803,,
287,16348704,,
288,16506605,,
289,16664506,,
290,16822407,,
291,16980308,,
292,17138209,,
293,17296110,,
294,17454011,,
295,17611912,,
296,17769813,,
297,17927714,,
298,18085615,,
299,18243516,,
300,18401417,,
301,18559318,,
302,18717219,,
303,18875120,,
304,19033021,,
305,19190922,,
306,19348823,,
307,19506724,,
308,19664625,,
309,19822526,,
310,19980427,,
311,20138328,,
312,20296229,,
313,20454130,,
314,20612031,,
315,20769932,,
316,20927833,,
317,21085734,,
318,21243635,,
319,21401536,,
320,21559437,,
321,21717338,,
322,21875239,,
323,22033140,,
324,22191041,,
325,22348942,,
326,22506843,,
327,22664744,,
328,22822645,,
329,22980546,,
330,23138447,,
331,23296348,,
332,23454249,,
333,23612150,,
334,23770051,,
335,23927952,,
336,24085853,,
337,24243754,,
338,24401655,,
339,24559556,,
340,24717457,,
341,24875358,,
342,25033259,,
343,25191160,,
344,25349061,,
345,25506962,,
346,25664863,,
347,25822764,,
348,25980665,,
349,26138566,,
350,26296467,,
351,26454368,,
352,26612269,,
353,26770170,,
354,26928071,,
355,27085972,,
356,27243873,,
357,27401774,,
358,27559675,,
359,27717576,,
360,27875477,,
361,28033378,,
362,28191279,,
363,28349180,,
364,28507081,,
365,28664982,,
366,28822883,,
367,28980784,,
368,29138685,,
369,29296586,,
370,29454487,,
371,29612388,,
372,29770289,,
373,29928190,,
374,30086091,,
375,30243992,,
376,30401893,,
377,30559794,,
378,30717695,,
379,30875596,,
380,31033497,,
381,31191398,,
382,31349299,,
383,31507200,,
384,31665101,,
385,31823002,,
386,31980903,,
387,32138804,,
388,32296705,,
389,32454606,,
390,32612507,,
391,32770408,,
392,32928309,,
393,33086210,,
394,33244111,,
395,33402012,,
396,33559913,,
397,33717814,,
398,33875715,,
399,34033616,,
400,34191517,,
401,55000000,,
402,55150000,,
403,55300000,,
404,55450000,,
405,55600000,,
406,55750000,,
407,55900000,,
408,56050000,,
409,56200000,,
410,56350000,,
411,56500000,,
412,56650000,,
413,56800000,,
414,56950000,,
415,57100000,,
416,57250000,,
417,57400000,,
418,57550000,,
419,57700000,,
420,57850000,,
421,58000000,,
422,58150000,,
423,58300000,,
424,58450000,,
425,58600000,,
426,58750000,,
427,58900000,,
428,59050000,,
429,59200000,,
430,59350000,,
431,59500000,,
432,59650000,,
433,59800000,,
434,59950000,,
435,60100000,,
436,60250000,,
437,60400000,,
438,60550000,,
439,60700000,,
440,60850000,,
441,61000000,,
442,61150000,,
443,61300000,,
444,61450000,,
445,61600000,,
446,61750000,,
447,61900000,,
448,62050000,,
449,62200000,,
450,62350000,,
451,62500000,,
452,62650000,,
453,62800000,,
454,62950000,,
455,63100000,,
456,63250000,,
457,63400000,,
458,63550000,,
459,63700000,,
460,63850000,,
461,64000000,,
462,64150000,,
463,64300000,,
464,64450000,,
465,64600000,,
466,64750000,,
467,64900000,,
468,65050000,,
469,65200000,,
470,65350000,,
471,65500000,,
472,65650000,,
473,65800000,,
474,65950000,,
475,66100000,,
476,66250000,,
477,66400000,,
478,66550000,,
479,66700000,,
480,66850000,,
481,67000000,,
482,67150000,,
483,67300000,,
484,67450000,,
485,67600000,,
486,67750000,,
487,67900000,,
488,68050000,,
489,68200000,,
490,68350000,,
491,68500000,,
492,68650000,,
493,68800000,,
494,68950000,,
495,69100000,,
496,69250000,,
497,69400000,,
498,69550000,,
499,69700000,,
500,69850000,,
501,100000000,,
502,100000000,,
503,100000000,,
504,100000000,,
505,100000000,,
506,100000000,,
507,100000000,,
508,100000000,,
509,100000000,,
510,100000000,,
511,100000000,,
512,100000000,,
513,100000000,,
514,100000000,,
515,100000000,,
516,100000000,,
517,100000000,,
518,100000000,,
519,100000000,,
520,100000000,,
521,100000000,,
522,100000000,,
523,100000000,,
524,100000000,,
525,100000000,,
526,100000000,,
527,100000000,,
528,100000000,,
529,100000000,,
530,100000000,,
531,100000000,,
532,100000000,,
533,100000000,,
534,100000000,,
535,100000000,,
536,100000000,,
537,100000000,,
538,100000000,,
539,100000000,,
540,100000000,,
541,100000000,,
542,100000000,,
543,100000000,,
544,100000000,,
545,100000000,,
546,100000000,,
547,100000000,,
548,100000000,,
549,100000000,,
550,100000000,,
551,100000000,,
552,100000000,,
553,100000000,,
554,100000000,,
555,100000000,,
556,100000000,,
557,100000000,,
558,100000000,,
559,100000000,,
560,100000000,,
561,100000000,,
562,100000000,,
563,100000000,,
564,100000000,,
565,100000000,,
566,100000000,,
567,100000000,,
568,100000000,,
569,100000000,,
570,100000000,,
571,100000000,,
572,100000000,,
573,100000000,,
574,100000000,,
575,100000000,,
576,100000000,,
577,100000000,,
578,100000000,,
579,100000000,,
580,100000000,,
581,100000000,,
582,100000000,,
583,100000000,,
584,100000000,,
585,100000000,,
586,100000000,,
587,100000000,,
588,100000000,,
589,100000000,,
590,100000000,,
591,100000000,,
592,100000000,,
593,100000000,,
594,100000000,,
595,100000000,,
596,100000000,,
597,100000000,,
598,100000000,,
599,100000000,,
600,100000000,,
601,100000000,,
602,100000000,,
603,100000000,,
604,100000000,,
605,100000000,,
606,100000000,,
607,100000000,,
608,100000000,,
609,100000000,,
610,100000000,,
611,100000000,,
612,100000000,,
613,100000000,,
614,100000000,,
615,100000000,,
616,100000000,,
617,100000000,,
618,100000000,,
619,100000000,,
620,100000000,,
621,100000000,,
622,100000000,,
623,100000000,,
624,100000000,,
625,100000000,,
626,100000000,,
627,100000000,,
628,100000000,,
629,100000000,,
630,100000000,,
631,100000000,,
632,100000000,,
633,100000000,,
634,100000000,,
635,100000000,,
636,100000000,,
637,100000000,,
638,100000000,,
639,100000000,,
640,100000000,,
641,100000000,,
642,100000000,,
643,100000000,,
644,100000000,,
645,100000000,,
646,100000000,,
647,100000000,,
648,100000000,,
649,100000000,,
650,100000000,,
651,100000000,,
652,100000000,,
653,100000000,,
654,100000000,,
655,100000000,,
656,100000000,,
657,100000000,,
658,100000000,,
659,100000000,,
660,100000000,,
661,100000000,,
662,100000000,,
663,100000000,,
664,100000000,,
665,100000000,,
666,100000000,,
667,100000000,,
668,100000000,,
669,100000000,,
670,100000000,,
671,100000000,,
672,100000000,,
673,100000000,,
674,100000000,,
675,100000000,,
676,100000000,,
677,100000000,,
678,100000000,,
679,100000000,,
680,100000000,,
681,100000000,,
682,100000000,,
683,100000000,,
684,100000000,,
685,100000000,,
686,100000000,,
687,100000000,,
688,100000000,,
689,100000000,,
690,100000000,,
691,100000000,,
692,100000000,,
693,100000000,,
694,100000000,,
695,100000000,,
696,100000000,,
697,100000000,,
698,100000000,,
699,100000000,,
700,200000000,,
701,200000000,,
702,200000000,,
703,200000000,,
704,200000000,,
705,200000000,,
706,200000000,,
707,200000000,,
708,200000000,,
709,200000000,,
710,200000000,,
711,200000000,,
712,200000000,,
713,200000000,,
714,200000000,,
715,200000000,,
716,200000000,,
717,200000000,,
718,200000000,,
719,200000000,,
720,200000000,,
721,200000000,,
722,200000000,,
723,200000000,,
724,200000000,,
725,200000000,,
726,200000000,,
727,200000000,,
728,200000000,,
729,200000000,,
730,200000000,,
731,200000000,,
732,200000000,,
733,200000000,,
734,200000000,,
735,200000000,,
736,200000000,,
737,200000000,,
738,200000000,,
739,200000000,,
740,200000000,,
741,200000000,,
742,200000000,,
743,200000000,,
744,200000000,,
745,200000000,,
746,200000000,,
747,200000000,,
748,200000000,,
749,200000000,,
750,200000000,,
751,200000000,,
752,200000000,,
753,200000000,,
754,200000000,,
755,200000000,,
756,200000000,,
757,200000000,,
758,200000000,,
759,200000000,,
760,200000000,,
761,200000000,,
762,200000000,,
763,200000000,,
764,200000000,,
765,200000000,,
766,200000000,,
767,200000000,,
768,200000000,,
769,200000000,,
770,200000000,,
771,200000000,,
772,200000000,,
773,200000000,,
774,200000000,,
775,200000000,,
776,200000000,,
777,200000000,,
778,200000000,,
779,200000000,,
780,200000000,,
781,200000000,,
782,200000000,,
783,200000000,,
784,200000000,,
785,200000000,,
786,200000000,,
787,200000000,,
788,200000000,,
789,200000000,,
790,200000000,,
791,200000000,,
792,200000000,,
793,200000000,,
794,200000000,,
795,200000000,,
796,200000000,,
797,200000000,,
798,200000000,,
799,200000000,,
800,200000000,,
801,200000000,,
802,200000000,,
803,200000000,,
804,200000000,,
805,200000000,,
806,200000000,,
807,200000000,,
808,200000000,,
809,200000000,,
810,200000000,,
811,200000000,,
812,200000000,,
813,200000000,,
814,200000000,,
815,200000000,,
816,200000000,,
817,200000000,,
818,200000000,,
819,200000000,,
820,200000000,,
821,200000000,,
822,200000000,,
823,200000000,,
824,200000000,,
825,200000000,,
826,200000000,,
827,200000000,,
828,200000000,,
829,200000000,,
830,200000000,,
831,200000000,,
832,200000000,,
833,200000000,,
834,200000000,,
835,200000000,,
836,200000000,,
837,200000000,,
838,200000000,,
839,200000000,,
840,200000000,,
841,200000000,,
842,200000000,,
843,200000000,,
844,200000000,,
845,200000000,,
846,200000000,,
847,200000000,,
848,200000000,,
849,200000000,,
850,200000000,,
851,200000000,,
852,200000000,,
853,200000000,,
854,200000000,,
855,200000000,,
856,200000000,,
857,200000000,,
858,200000000,,
859,200000000,,
860,200000000,,
861,200000000,,
862,200000000,,
863,200000000,,
864,200000000,,
865,200000000,,
866,200000000,,
867,200000000,,
868,200000000,,
869,200000000,,
870,200000000,,
871,200000000,,
872,200000000,,
873,200000000,,
874,200000000,,
875,200000000,,
876,200000000,,
877,200000000,,
878,200000000,,
879,200000000,,
880,200000000,,
881,200000000,,
882,200000000,,
883,200000000,,
884,200000000,,
885,200000000,,
886,200000000,,
887,200000000,,
888,200000000,,
889,200000000,,
890,200000000,,
891,200000000,,
892,200000000,,
893,200000000,,
894,200000000,,
895,200000000,,
896,200000000,,
897,200000000,,
898,200000000,,
899,200000000,,
900,200000000,,
901,200000000,,
902,200000000,,
903,200000000,,
904,200000000,,
905,200000000,,
906,200000000,,
907,200000000,,
908,200000000,,
909,200000000,,
910,200000000,,
911,200000000,,
912,200000000,,
913,200000000,,
914,200000000,,
915,200000000,,
916,200000000,,
917,200000000,,
918,200000000,,
919,200000000,,
920,200000000,,
921,200000000,,
922,200000000,,
923,200000000,,
924,200000000,,
925,200000000,,
926,200000000,,
927,200000000,,
928,200000000,,
929,200000000,,
930,200000000,,
931,200000000,,
932,200000000,,
933,200000000,,
934,200000000,,
935,200000000,,
936,200000000,,
937,200000000,,
938,200000000,,
939,200000000,,
940,200000000,,
941,200000000,,
942,200000000,,
943,200000000,,
944,200000000,,
945,200000000,,
946,200000000,,
947,200000000,,
948,200000000,,
949,200000000,,
950,200000000,,
951,200000000,,
952,200000000,,
953,200000000,,
954,200000000,,
955,200000000,,
956,200000000,,
957,200000000,,
958,200000000,,
959,200000000,,
960,200000000,,
961,200000000,,
962,200000000,,
963,200000000,,
964,200000000,,
965,200000000,,
966,200000000,,
967,200000000,,
968,200000000,,
969,200000000,,
970,200000000,,
971,200000000,,
972,200000000,,
973,200000000,,
974,200000000,,
975,200000000,,
976,200000000,,
977,200000000,,
978,200000000,,
979,200000000,,
980,200000000,,
981,200000000,,
982,200000000,,
983,200000000,,
984,200000000,,
985,200000000,,
986,200000000,,
987,200000000,,
988,200000000,,
989,200000000,,
990,200000000,,
991,200000000,,
992,200000000,,
993,200000000,,
994,200000000,,
995,200000000,,
996,200000000,,
997,200000000,,
998,200000000,,
999,200000000,,
1000,200000000,,
1001,300000000,,
1002,300000000,,
1003,300000000,,
1004,300000000,,
1005,300000000,,
1006,300000000,,
1007,300000000,,
1008,300000000,,
1009,300000000,,
1010,300000000,,
1011,300000000,,
1012,300000000,,
1013,300000000,,
1014,300000000,,
1015,300000000,,
1016,300000000,,
1017,300000000,,
1018,300000000,,
1019,300000000,,
1020,300000000,,
1021,300000000,,
1022,300000000,,
1023,300000000,,
1024,300000000,,
1025,300000000,,
1026,300000000,,
1027,300000000,,
1028,300000000,,
1029,300000000,,
1030,300000000,,
1031,300000000,,
1032,300000000,,
1033,300000000,,
1034,300000000,,
1035,300000000,,
1036,300000000,,
1037,300000000,,
1038,300000000,,
1039,300000000,,
1040,300000000,,
1041,300000000,,
1042,300000000,,
1043,300000000,,
1044,300000000,,
1045,300000000,,
1046,300000000,,
1047,300000000,,
1048,300000000,,
1049,300000000,,
1050,300000000,,
1051,300000000,,
1052,300000000,,
1053,300000000,,
1054,300000000,,
1055,300000000,,
1056,300000000,,
1057,300000000,,
1058,300000000,,
1059,300000000,,
1060,300000000,,
1061,300000000,,
1062,300000000,,
1063,300000000,,
1064,300000000,,
1065,300000000,,
1066,300000000,,
1067,300000000,,
1068,300000000,,
1069,300000000,,
1070,300000000,,
1071,300000000,,
1072,300000000,,
1073,300000000,,
1074,300000000,,
1075,300000000,,
1076,300000000,,
1077,300000000,,
1078,300000000,,
1079,300000000,,
1080,300000000,,
1081,300000000,,
1082,300000000,,
1083,300000000,,
1084,300000000,,
1085,300000000,,
1086,300000000,,
1087,300000000,,
1088,300000000,,
1089,300000000,,
1090,300000000,,
1091,300000000,,
1092,300000000,,
1093,300000000,,
1094,300000000,,
1095,300000000,,
1096,300000000,,
1097,300000000,,
1098,300000000,,
1099,300000000,,
1100,500000000,,
1101,500000000,,
1102,500000000,,
1103,500000000,,
1104,500000000,,
1105,500000000,,
1106,500000000,,
1107,500000000,,
1108,500000000,,
1109,500000000,,
1110,500000000,,
1111,500000000,,
1112,500000000,,
1113,500000000,,
1114,500000000,,
1115,500000000,,
1116,500000000,,
1117,500000000,,
1118,500000000,,
1119,500000000,,
1120,500000000,,
1121,500000000,,
1122,500000000,,
1123,500000000,,
1124,500000000,,
1125,500000000,,
1126,500000000,,
1127,500000000,,
1128,500000000,,
1129,500000000,,
1130,500000000,,
1131,500000000,,
1132,500000000,,
1133,500000000,,
1134,500000000,,
1135,500000000,,
1136,500000000,,
1137,500000000,,
1138,500000000,,
1139,500000000,,
1140,500000000,,
1141,500000000,,
1142,500000000,,
1143,500000000,,
1144,500000000,,
1145,500000000,,
1146,500000000,,
1147,500000000,,
1148,500000000,,
1149,500000000,,
1150,500000000,,
1151,500000000,,
1152,500000000,,
1153,500000000,,
1154,500000000,,
1155,500000000,,
1156,500000000,,
1157,500000000,,
1158,500000000,,
1159,500000000,,
1160,500000000,,
1161,500000000,,
1162,500000000,,
1163,500000000,,
1164,500000000,,
1165,500000000,,
1166,500000000,,
1167,500000000,,
1168,500000000,,
1169,500000000,,
1170,500000000,,
1171,500000000,,
1172,500000000,,
1173,500000000,,
1174,500000000,,
1175,500000000,,
1176,500000000,,
1177,500000000,,
1178,500000000,,
1179,500000000,,
1180,500000000,,
1181,500000000,,
1182,500000000,,
1183,500000000,,
1184,500000000,,
1185,500000000,,
1186,500000000,,
1187,500000000,,
1188,500000000,,
1189,500000000,,
1190,500000000,,
1191,500000000,,
1192,500000000,,
1193,500000000,,
1194,500000000,,
1195,500000000,,
1196,500000000,,
1197,500000000,,
1198,500000000,,
1199,500000000,,
1200,500000000,,
1201,800000000,,
1202,800000000,,
1203,800000000,,
1204,800000000,,
1205,800000000,,
1206,800000000,,
1207,800000000,,
1208,800000000,,
1209,800000000,,
1210,800000000,,
1211,800000000,,
1212,800000000,,
1213,800000000,,
1214,800000000,,
1215,800000000,,
1216,800000000,,
1217,800000000,,
1218,800000000,,
1219,800000000,,
1220,800000000,,
1221,800000000,,
1222,800000000,,
1223,800000000,,
1224,800000000,,
1225,800000000,,
1226,800000000,,
1227,800000000,,
1228,800000000,,
1229,800000000,,
1230,800000000,,
1231,800000000,,
1232,800000000,,
1233,800000000,,
1234,800000000,,
1235,800000000,,
1236,800000000,,
1237,800000000,,
1238,800000000,,
1239,800000000,,
1240,800000000,,
1241,800000000,,
1242,800000000,,
1243,800000000,,
1244,800000000,,
1245,800000000,,
1246,800000000,,
1247,800000000,,
1248,800000000,,
1249,800000000,,
1250,800000000,,
1251,800000000,,
1252,800000000,,
1253,800000000,,
1254,800000000,,
1255,800000000,,
1256,800000000,,
1257,800000000,,
1258,800000000,,
1259,800000000,,
1260,800000000,,
1261,800000000,,
1262,800000000,,
1263,800000000,,
1264,800000000,,
1265,800000000,,
1266,800000000,,
1267,800000000,,
1268,800000000,,
1269,800000000,,
1270,800000000,,
1271,800000000,,
1272,800000000,,
1273,800000000,,
1274,800000000,,
1275,800000000,,
1276,800000000,,
1277,800000000,,
1278,800000000,,
1279,800000000,,
1280,800000000,,
1281,800000000,,
1282,800000000,,
1283,800000000,,
1284,800000000,,
1285,800000000,,
1286,800000000,,
1287,800000000,,
1288,800000000,,
1289,800000000,,
1290,800000000,,
1291,800000000,,
1292,800000000,,
1293,800000000,,
1294,800000000,,
1295,800000000,,
1296,800000000,,
1297,800000000,,
1298,800000000,,
1299,800000000,,
1300,800000000,,
1301,1200000000,,
1302,1200000000,,
1303,1200000000,,
1304,1200000000,,
1305,1200000000,,
1306,1200000000,,
1307,1200000000,,
1308,1200000000,,
1309,1200000000,,
1310,1200000000,,
1311,1200000000,,
1312,1200000000,,
1313,1200000000,,
1314,1200000000,,
1315,1200000000,,
1316,1200000000,,
1317,1200000000,,
1318,1200000000,,
1319,1200000000,,
1320,1200000000,,
1321,1200000000,,
1322,1200000000,,
1323,1200000000,,
1324,1200000000,,
1325,1200000000,,
1326,1200000000,,
1327,1200000000,,
1328,1200000000,,
1329,1200000000,,
1330,1200000000,,
1331,1200000000,,
1332,1200000000,,
1333,1200000000,,
1334,1200000000,,
1335,1200000000,,
1336,1200000000,,
1337,1200000000,,
1338,1200000000,,
1339,1200000000,,
1340,1200000000,,
1341,1200000000,,
1342,1200000000,,
1343,1200000000,,
1344,1200000000,,
1345,1200000000,,
1346,1200000000,,
1347,1200000000,,
1348,1200000000,,
1349,1200000000,,
1350,1200000000,,
1351,1200000000,,
1352,1200000000,,
1353,1200000000,,
1354,1200000000,,
1355,1200000000,,
1356,1200000000,,
1357,1200000000,,
1358,1200000000,,
1359,1200000000,,
1360,1200000000,,
1361,1200000000,,
1362,1200000000,,
1363,1200000000,,
1364,1200000000,,
1365,1200000000,,
1366,1200000000,,
1367,1200000000,,
1368,1200000000,,
1369,1200000000,,
1370,1200000000,,
1371,1200000000,,
1372,1200000000,,
1373,1200000000,,
1374,1200000000,,
1375,1200000000,,
1376,1200000000,,
1377,1200000000,,
1378,1200000000,,
1379,1200000000,,
1380,1200000000,,
1381,1200000000,,
1382,1200000000,,
1383,1200000000,,
1384,1200000000,,
1385,1200000000,,
1386,1200000000,,
1387,1200000000,,
1388,1200000000,,
1389,1200000000,,
1390,1200000000,,
1391,1200000000,,
1392,1200000000,,
1393,1200000000,,
1394,1200000000,,
1395,1200000000,,
1396,1200000000,,
1397,1200000000,,
1398,1200000000,,
1399,1200000000,,
1400,1200000000,,
1401,1200000000,,
1402,1200000000,,
1403,1200000000,,
1404,1200000000,,
1405,1200000000,,
1406,1200000000,,
1407,1200000000,,
1408,1200000000,,
1409,1200000000,,
1410,1200000000,,
1411,1200000000,,
1412,1200000000,,
1413,1200000000,,
1414,1200000000,,
1415,1200000000,,
1416,1200000000,,
1417,1200000000,,
1418,1200000000,,
1419,1200000000,,
1420,1200000000,,
1421,1200000000,,
1422,1200000000,,
1423,1200000000,,
1424,1200000000,,
1425,1200000000,,
1426,1200000000,,
1427,1200000000,,
1428,1200000000,,
1429,1200000000,,
1430,1200000000,,
1431,1200000000,,
1432,1200000000,,
1433,1200000000,,
1434,1200000000,,
1435,1200000000,,
1436,1200000000,,
1437,1200000000,,
1438,1200000000,,
1439,1200000000,,
1440,1200000000,,
1441,1200000000,,
1442,1200000000,,
1443,1200000000,,
1444,1200000000,,
1445,1200000000,,
1446,1200000000,,
1447,1200000000,,
1448,1200000000,,
1449,1200000000,,
1450,1200000000,,
1451,1200000000,,
1452,1200000000,,
1453,1200000000,,
1454,1200000000,,
1455,1200000000,,
1456,1200000000,,
1457,1200000000,,
1458,1200000000,,
1459,1200000000,,
1460,1200000000,,
1461,1200000000,,
1462,1200000000,,
1463,1200000000,,
1464,1200000000,,
1465,1200000000,,
1466,1200000000,,
1467,1200000000,,
1468,1200000000,,
1469,1200000000,,
1470,1200000000,,
1471,1200000000,,
1472,1200000000,,
1473,1200000000,,
1474,1200000000,,
1475,1200000000,,
1476,1200000000,,
1477,1200000000,,
1478,1200000000,,
1479,1200000000,,
1480,1200000000,,
1481,1200000000,,
1482,1200000000,,
1483,1200000000,,
1484,1200000000,,
1485,1200000000,,
1486,1200000000,,
1487,1200000000,,
1488,1200000000,,
1489,1200000000,,
1490,1200000000,,
1491,1200000000,,
1492,1200000000,,
1493,1200000000,,
1494,1200000000,,
1495,1200000000,,
1496,1200000000,,
1497,1200000000,,
1498,1200000000,,
1499,1200000000,,
1500,1200000000,,
1501,1200000000,,
1502,1200000000,,
1503,1200000000,,
1504,1200000000,,
1505,1200000000,,
1506,1200000000,,
1507,1200000000,,
1508,1200000000,,
1509,1200000000,,
1510,1200000000,,
1511,1200000000,,
1512,1200000000,,
1513,1200000000,,
1514,1200000000,,
1515,1200000000,,
1516,1200000000,,
1517,1200000000,,
1518,1200000000,,
1519,1200000000,,
1520,1200000000,,
1521,1200000000,,
1522,1200000000,,
1523,1200000000,,
1524,1200000000,,
1525,1200000000,,
1526,1200000000,,
1527,1200000000,,
1528,1200000000,,
1529,1200000000,,
1530,1200000000,,
1531,1200000000,,
1532,1200000000,,
1533,1200000000,,
1534,1200000000,,
1535,1200000000,,
1536,1200000000,,
1537,1200000000,,
1538,1200000000,,
1539,1200000000,,
1540,1200000000,,
1541,1200000000,,
1542,1200000000,,
1543,1200000000,,
1544,1200000000,,
1545,1200000000,,
1546,1200000000,,
1547,1200000000,,
1548,1200000000,,
1549,1200000000,,
1550,1200000000,,
1551,1200000000,,
1552,1200000000,,
1553,1200000000,,
1554,1200000000,,
1555,1200000000,,
1556,1200000000,,
1557,1200000000,,
1558,1200000000,,
1559,1200000000,,
1560,1200000000,,
1561,1200000000,,
1562,1200000000,,
1563,1200000000,,
1564,1200000000,,
1565,1200000000,,
1566,1200000000,,
1567,1200000000,,
1568,1200000000,,
1569,1200000000,,
1570,1200000000,,
1571,1200000000,,
1572,1200000000,,
1573,1200000000,,
1574,1200000000,,
1575,1200000000,,
1576,1200000000,,
1577,1200000000,,
1578,1200000000,,
1579,1200000000,,
1580,1200000000,,
1581,1200000000,,
1582,1200000000,,
1583,1200000000,,
1584,1200000000,,
1585,1200000000,,
1586,1200000000,,
1587,1200000000,,
1588,1200000000,,
1589,1200000000,,
1590,1200000000,,
1591,1200000000,,
1592,1200000000,,
1593,1200000000,,
1594,1200000000,,
1595,1200000000,,
1596,1200000000,,
1597,1200000000,,
1598,1200000000,,
1599,1200000000,,
1600,1200000000,,
1601,1200000000,,
1602,1200000000,,
1603,1200000000,,
1604,1200000000,,
1605,1200000000,,
1606,1200000000,,
1607,1200000000,,
1608,1200000000,,
1609,1200000000,,
1610,1200000000,,
1611,1200000000,,
1612,1200000000,,
1613,1200000000,,
1614,1200000000,,
1615,1200000000,,
1616,1200000000,,
1617,1200000000,,
1618,1200000000,,
1619,1200000000,,
1620,1200000000,,
1621,1200000000,,
1622,1200000000,,
1623,1200000000,,
1624,1200000000,,
1625,1200000000,,
1626,1200000000,,
1627,1200000000,,
1628,1200000000,,
1629,1200000000,,
1630,1200000000,,
1631,1200000000,,
1632,1200000000,,
1633,1200000000,,
1634,1200000000,,
1635,1200000000,,
1636,1200000000,,
1637,1200000000,,
1638,1200000000,,
1639,1200000000,,
1640,1200000000,,
1641,1200000000,,
1642,1200000000,,
1643,1200000000,,
1644,1200000000,,
1645,1200000000,,
1646,1200000000,,
1647,1200000000,,
1648,1200000000,,
1649,1200000000,,
1650,1200000000,,
1651,1200000000,,
1652,1200000000,,
1653,1200000000,,
1654,1200000000,,
1655,1200000000,,
1656,1200000000,,
1657,1200000000,,
1658,1200000000,,
1659,1200000000,,
1660,1200000000,,
1661,1200000000,,
1662,1200000000,,
1663,1200000000,,
1664,1200000000,,
1665,1200000000,,
1666,1200000000,,
1667,1200000000,,
1668,1200000000,,
1669,1200000000,,
1670,1200000000,,
1671,1200000000,,
1672,1200000000,,
1673,1200000000,,
1674,1200000000,,
1675,1200000000,,
1676,1200000000,,
1677,1200000000,,
1678,1200000000,,
1679,1200000000,,
1680,1200000000,,
1681,1200000000,,
1682,1200000000,,
1683,1200000000,,
1684,1200000000,,
1685,1200000000,,
1686,1200000000,,
1687,1200000000,,
1688,1200000000,,
1689,1200000000,,
1690,1200000000,,
1691,1200000000,,
1692,1200000000,,
1693,1200000000,,
1694,1200000000,,
1695,1200000000,,
1696,1200000000,,
1697,1200000000,,
1698,1200000000,,
1699,1200000000,,
1700,1200000000,,
1701,1200000000,,
1702,1200000000,,
1703,1200000000,,
1704,1200000000,,
1705,1200000000,,
1706,1200000000,,
1707,1200000000,,
1708,1200000000,,
1709,1200000000,,
1710,1200000000,,
1711,1200000000,,
1712,1200000000,,
1713,1200000000,,
1714,1200000000,,
1715,1200000000,,
1716,1200000000,,
1717,1200000000,,
1718,1200000000,,
1719,1200000000,,
1720,1200000000,,
1721,1200000000,,
1722,1200000000,,
1723,1200000000,,
1724,1200000000,,
1725,1200000000,,
1726,1200000000,,
1727,1200000000,,
1728,1200000000,,
1729,1200000000,,
1730,1200000000,,
1731,1200000000,,
1732,1200000000,,
1733,1200000000,,
1734,1200000000,,
1735,1200000000,,
1736,1200000000,,
1737,1200000000,,
1738,1200000000,,
1739,1200000000,,
1740,1200000000,,
1741,1200000000,,
1742,1200000000,,
1743,1200000000,,
1744,1200000000,,
1745,1200000000,,
1746,1200000000,,
1747,1200000000,,
1748,1200000000,,
1749,1200000000,,
1750,1200000000,,
1751,1200000000,,
1752,1200000000,,
1753,1200000000,,
1754,1200000000,,
1755,1200000000,,
1756,1200000000,,
1757,1200000000,,
1758,1200000000,,
1759,1200000000,,
1760,1200000000,,
1761,1200000000,,
1762,1200000000,,
1763,1200000000,,
1764,1200000000,,
1765,1200000000,,
1766,1200000000,,
1767,1200000000,,
1768,1200000000,,
1769,1200000000,,
1770,1200000000,,
1771,1200000000,,
1772,1200000000,,
1773,1200000000,,
1774,1200000000,,
1775,1200000000,,
1776,1200000000,,
1777,1200000000,,
1778,1200000000,,
1779,1200000000,,
1780,1200000000,,
1781,1200000000,,
1782,1200000000,,
1783,1200000000,,
1784,1200000000,,
1785,1200000000,,
1786,1200000000,,
1787,1200000000,,
1788,1200000000,,
1789,1200000000,,
1790,1200000000,,
1791,1200000000,,
1792,1200000000,,
1793,1200000000,,
1794,1200000000,,
1795,1200000000,,
1796,1200000000,,
1797,1200000000,,
1798,1200000000,,
1799,1200000000,,
1800,1200000000,,
1801,1200000000,,
1802,1200000000,,
1803,1200000000,,
1804,1200000000,,
1805,1200000000,,
1806,1200000000,,
1807,1200000000,,
1808,1200000000,,
1809,1200000000,,
1810,1200000000,,
1811,1200000000,,
1812,1200000000,,
1813,1200000000,,
1814,1200000000,,
1815,1200000000,,
1816,1200000000,,
1817,1200000000,,
1818,1200000000,,
1819,1200000000,,
1820,1200000000,,
1821,1200000000,,
1822,1200000000,,
1823,1200000000,,
1824,1200000000,,
1825,1200000000,,
1826,1200000000,,
1827,1200000000,,
1828,1200000000,,
1829,1200000000,,
1830,1200000000,,
1831,1200000000,,
1832,1200000000,,
1833,1200000000,,
1834,1200000000,,
1835,1200000000,,
1836,1200000000,,
1837,1200000000,,
1838,1200000000,,
1839,1200000000,,
1840,1200000000,,
1841,1200000000,,
1842,1200000000,,
1843,1200000000,,
1844,1200000000,,
1845,1200000000,,
1846,1200000000,,
1847,1200000000,,
1848,1200000000,,
1849,1200000000,,
1850,1200000000,,
1851,1200000000,,
1852,1200000000,,
1853,1200000000,,
1854,1200000000,,
1855,1200000000,,
1856,1200000000,,
1857,1200000000,,
1858,1200000000,,
1859,1200000000,,
1860,1200000000,,
1861,1200000000,,
1862,1200000000,,
1863,1200000000,,
1864,1200000000,,
1865,1200000000,,
1866,1200000000,,
1867,1200000000,,
1868,1200000000,,
1869,1200000000,,
1870,1200000000,,
1871,1200000000,,
1872,1200000000,,
1873,1200000000,,
1874,1200000000,,
1875,1200000000,,
1876,1200000000,,
1877,1200000000,,
1878,1200000000,,
1879,1200000000,,
1880,1200000000,,
1881,1200000000,,
1882,1200000000,,
1883,1200000000,,
1884,1200000000,,
1885,1200000000,,
1886,1200000000,,
1887,1200000000,,
1888,1200000000,,
1889,1200000000,,
1890,1200000000,,
1891,1200000000,,
1892,1200000000,,
1893,1200000000,,
1894,1200000000,,
1895,1200000000,,
1896,1200000000,,
1897,1200000000,,
1898,1200000000,,
1899,1200000000,,
1900,1200000000,,
1901,1200000000,,
1902,1200000000,,
1903,1200000000,,
1904,1200000000,,
1905,1200000000,,
1906,1200000000,,
1907,1200000000,,
1908,1200000000,,
1909,1200000000,,
1910,1200000000,,
1911,1200000000,,
1912,1200000000,,
1913,1200000000,,
1914,1200000000,,
1915,1200000000,,
1916,1200000000,,
1917,1200000000,,
1918,1200000000,,
1919,1200000000,,
1920,1200000000,,
1921,1200000000,,
1922,1200000000,,
1923,1200000000,,
1924,1200000000,,
1925,1200000000,,
1926,1200000000,,
1927,1200000000,,
1928,1200000000,,
1929,1200000000,,
1930,1200000000,,
1931,1200000000,,
1932,1200000000,,
1933,1200000000,,
1934,1200000000,,
1935,1200000000,,
1936,1200000000,,
1937,1200000000,,
1938,1200000000,,
1939,1200000000,,
1940,1200000000,,
1941,1200000000,,
1942,1200000000,,
1943,1200000000,,
1944,1200000000,,
1945,1200000000,,
1946,1200000000,,
1947,1200000000,,
1948,1200000000,,
1949,1200000000,,
1950,1200000000,,
1951,1200000000,,
1952,1200000000,,
1953,1200000000,,
1954,1200000000,,
1955,1200000000,,
1956,1200000000,,
1957,1200000000,,
1958,1200000000,,
1959,1200000000,,
1960,1200000000,,
1961,1200000000,,
1962,1200000000,,
1963,1200000000,,
1964,1200000000,,
1965,1200000000,,
1966,1200000000,,
1967,1200000000,,
1968,1200000000,,
1969,1200000000,,
1970,1200000000,,
1971,1200000000,,
1972,1200000000,,
1973,1200000000,,
1974,1200000000,,
1975,1200000000,,
1976,1200000000,,
1977,1200000000,,
1978,1200000000,,
1979,1200000000,,
1980,1200000000,,
1981,1200000000,,
1982,1200000000,,
1983,1200000000,,
1984,1200000000,,
1985,1200000000,,
1986,1200000000,,
1987,1200000000,,
1988,1200000000,,
1989,1200000000,,
1990,1200000000,,
1991,1200000000,,
1992,1200000000,,
1993,1200000000,,
1994,1200000000,,
1995,1200000000,,
1996,1200000000,,
1997,1200000000,,
1998,1200000000,,
1999,1200000000,,
2000,1200000000,,
2001,2500000000,,
2002,2500000000,,
2003,2500000000,,
2004,2500000000,,
2005,2500000000,,
2006,2500000000,,
2007,2500000000,,
2008,2500000000,,
2009,2500000000,,
2010,2500000000,,
2011,2500000000,,
2012,2500000000,,
2013,2500000000,,
2014,2500000000,,
2015,2500000000,,
2016,2500000000,,
2017,2500000000,,
2018,2500000000,,
2019,2500000000,,
2020,2500000000,,
2021,2500000000,,
2022,2500000000,,
2023,2500000000,,
2024,2500000000,,
2025,2500000000,,
2026,2500000000,,
2027,2500000000,,
2028,2500000000,,
2029,2500000000,,
2030,2500000000,,
2031,2500000000,,
2032,2500000000,,
2033,2500000000,,
2034,2500000000,,
2035,2500000000,,
2036,2500000000,,
2037,2500000000,,
2038,2500000000,,
2039,2500000000,,
2040,2500000000,,
2041,2500000000,,
2042,2500000000,,
2043,2500000000,,
2044,2500000000,,
2045,2500000000,,
2046,2500000000,,
2047,2500000000,,
2048,2500000000,,
2049,2500000000,,
2050,2500000000,,
2051,2500000000,,
2052,2500000000,,
2053,2500000000,,
2054,2500000000,,
2055,2500000000,,
2056,2500000000,,
2057,2500000000,,
2058,2500000000,,
2059,2500000000,,
2060,2500000000,,
2061,2500000000,,
2062,2500000000,,
2063,2500000000,,
2064,2500000000,,
2065,2500000000,,
2066,2500000000,,
2067,2500000000,,
2068,2500000000,,
2069,2500000000,,
2070,2500000000,,
2071,2500000000,,
2072,2500000000,,
2073,2500000000,,
2074,2500000000,,
2075,2500000000,,
2076,2500000000,,
2077,2500000000,,
2078,2500000000,,
2079,2500000000,,
2080,2500000000,,
2081,2500000000,,
2082,2500000000,,
2083,2500000000,,
2084,2500000000,,
2085,2500000000,,
2086,2500000000,,
2087,2500000000,,
2088,2500000000,,
2089,2500000000,,
2090,2500000000,,
2091,2500000000,,
2092,2500000000,,
2093,2500000000,,
2094,2500000000,,
2095,2500000000,,
2096,2500000000,,
2097,2500000000,,
2098,2500000000,,
2099,2500000000,,
2100,2500000000,,
2101,2500000000,,
2102,2500000000,,
2103,2500000000,,
2104,2500000000,,
2105,2500000000,,
2106,2500000000,,
2107,2500000000,,
2108,2500000000,,
2109,2500000000,,
2110,2500000000,,
2111,2500000000,,
2112,2500000000,,
2113,2500000000,,
2114,2500000000,,
2115,2500000000,,
2116,2500000000,,
2117,2500000000,,
2118,2500000000,,
2119,2500000000,,
2120,2500000000,,
2121,2500000000,,
2122,2500000000,,
2123,2500000000,,
2124,2500000000,,
2125,2500000000,,
2126,2500000000,,
2127,2500000000,,
2128,2500000000,,
2129,2500000000,,
2130,2500000000,,
2131,2500000000,,
2132,2500000000,,
2133,2500000000,,
2134,2500000000,,
2135,2500000000,,
2136,2500000000,,
2137,2500000000,,
2138,2500000000,,
2139,2500000000,,
2140,2500000000,,
2141,2500000000,,
2142,2500000000,,
2143,2500000000,,
2144,2500000000,,
2145,2500000000,,
2146,2500000000,,
2147,2500000000,,
2148,2500000000,,
2149,2500000000,,
2150,2500000000,,
2151,2500000000,,
2152,2500000000,,
2153,2500000000,,
2154,2500000000,,
2155,2500000000,,
2156,2500000000,,
2157,2500000000,,
2158,2500000000,,
2159,2500000000,,
2160,2500000000,,
2161,2500000000,,
2162,2500000000,,
2163,2500000000,,
2164,2500000000,,
2165,2500000000,,
2166,2500000000,,
2167,2500000000,,
2168,2500000000,,
2169,2500000000,,
2170,2500000000,,
2171,2500000000,,
2172,2500000000,,
2173,2500000000,,
2174,2500000000,,
2175,2500000000,,
2176,2500000000,,
2177,2500000000,,
2178,2500000000,,
2179,2500000000,,
2180,2500000000,,
2181,2500000000,,
2182,2500000000,,
2183,2500000000,,
2184,2500000000,,
2185,2500000000,,
2186,2500000000,,
2187,2500000000,,
2188,2500000000,,
2189,2500000000,,
2190,2500000000,,
2191,2500000000,,
2192,2500000000,,
2193,2500000000,,
2194,2500000000,,
2195,2500000000,,
2196,2500000000,,
2197,2500000000,,
2198,2500000000,,
2199,2500000000,,
2200,2500000000,,
2201,2500000000,,
2202,2500000000,,
2203,2500000000,,
2204,2500000000,,
2205,2500000000,,
2206,2500000000,,
2207,2500000000,,
2208,2500000000,,
2209,2500000000,,
2210,2500000000,,
2211,2500000000,,
2212,2500000000,,
2213,2500000000,,
2214,2500000000,,
2215,2500000000,,
2216,2500000000,,
2217,2500000000,,
2218,2500000000,,
2219,2500000000,,
2220,2500000000,,
2221,2500000000,,
2222,2500000000,,
2223,2500000000,,
2224,2500000000,,
2225,2500000000,,
2226,2500000000,,
2227,2500000000,,
2228,2500000000,,
2229,2500000000,,
2230,2500000000,,
2231,2500000000,,
2232,2500000000,,
2233,2500000000,,
2234,2500000000,,
2235,2500000000,,
2236,2500000000,,
2237,2500000000,,
2238,2500000000,,
2239,2500000000,,
2240,2500000000,,
2241,2500000000,,
2242,2500000000,,
2243,2500000000,,
2244,2500000000,,
2245,2500000000,,
2246,2500000000,,
2247,2500000000,,
2248,2500000000,,
2249,2500000000,,
2250,2500000000,,
2251,2500000000,,
2252,2500000000,,
2253,2500000000,,
2254,2500000000,,
2255,2500000000,,
2256,2500000000,,
2257,2500000000,,
2258,2500000000,,
2259,2500000000,,
2260,2500000000,,
2261,2500000000,,
2262,2500000000,,
2263,2500000000,,
2264,2500000000,,
2265,2500000000,,
2266,2500000000,,
2267,2500000000,,
2268,2500000000,,
2269,2500000000,,
2270,2500000000,,
2271,2500000000,,
2272,2500000000,,
2273,2500000000,,
2274,2500000000,,
2275,2500000000,,
2276,2500000000,,
2277,2500000000,,
2278,2500000000,,
2279,2500000000,,
2280,2500000000,,
2281,2500000000,,
2282,2500000000,,
2283,2500000000,,
2284,2500000000,,
2285,2500000000,,
2286,2500000000,,
2287,2500000000,,
2288,2500000000,,
2289,2500000000,,
2290,2500000000,,
2291,2500000000,,
2292,2500000000,,
2293,2500000000,,
2294,2500000000,,
2295,2500000000,,
2296,2500000000,,
2297,2500000000,,
2298,2500000000,,
2299,2500000000,,
2300,2500000000,,
2301,2500000000,,
2302,2500000000,,
2303,2500000000,,
2304,2500000000,,
2305,2500000000,,
2306,2500000000,,
2307,2500000000,,
2308,2500000000,,
2309,2500000000,,
2310,2500000000,,
2311,2500000000,,
2312,2500000000,,
2313,2500000000,,
2314,2500000000,,
2315,2500000000,,
2316,2500000000,,
2317,2500000000,,
2318,2500000000,,
2319,2500000000,,
2320,2500000000,,
2321,2500000000,,
2322,2500000000,,
2323,2500000000,,
2324,2500000000,,
2325,2500000000,,
2326,2500000000,,
2327,2500000000,,
2328,2500000000,,
2329,2500000000,,
2330,2500000000,,
2331,2500000000,,
2332,2500000000,,
2333,2500000000,,
2334,2500000000,,
2335,2500000000,,
2336,2500000000,,
2337,2500000000,,
2338,2500000000,,
2339,2500000000,,
2340,2500000000,,
2341,2500000000,,
2342,2500000000,,
2343,2500000000,,
2344,2500000000,,
2345,2500000000,,
2346,2500000000,,
2347,2500000000,,
2348,2500000000,,
2349,2500000000,,
2350,2500000000,,
2351,2500000000,,
2352,2500000000,,
2353,2500000000,,
2354,2500000000,,
2355,2500000000,,
2356,2500000000,,
2357,2500000000,,
2358,2500000000,,
2359,2500000000,,
2360,2500000000,,
2361,2500000000,,
2362,2500000000,,
2363,2500000000,,
2364,2500000000,,
2365,2500000000,,
2366,2500000000,,
2367,2500000000,,
2368,2500000000,,
2369,2500000000,,
2370,2500000000,,
2371,2500000000,,
2372,2500000000,,
2373,2500000000,,
2374,2500000000,,
2375,2500000000,,
2376,2500000000,,
2377,2500000000,,
2378,2500000000,,
2379,2500000000,,
2380,2500000000,,
2381,2500000000,,
2382,2500000000,,
2383,2500000000,,
2384,2500000000,,
2385,2500000000,,
2386,2500000000,,
2387,2500000000,,
2388,2500000000,,
2389,2500000000,,
2390,2500000000,,
2391,2500000000,,
2392,2500000000,,
2393,2500000000,,
2394,2500000000,,
2395,2500000000,,
2396,2500000000,,
2397,2500000000,,
2398,2500000000,,
2399,2500000000,,
2400,2500000000,,
2401,2500000000,,
2402,2500000000,,
2403,2500000000,,
2404,2500000000,,
2405,2500000000,,
2406,2500000000,,
2407,2500000000,,
2408,2500000000,,
2409,2500000000,,
2410,2500000000,,
2411,2500000000,,
2412,2500000000,,
2413,2500000000,,
2414,2500000000,,
2415,2500000000,,
2416,2500000000,,
2417,2500000000,,
2418,2500000000,,
2419,2500000000,,
2420,2500000000,,
2421,2500000000,,
2422,2500000000,,
2423,2500000000,,
2424,2500000000,,
2425,2500000000,,
2426,2500000000,,
2427,2500000000,,
2428,2500000000,,
2429,2500000000,,
2430,2500000000,,
2431,2500000000,,
2432,2500000000,,
2433,2500000000,,
2434,2500000000,,
2435,2500000000,,
2436,2500000000,,
2437,2500000000,,
2438,2500000000,,
2439,2500000000,,
2440,2500000000,,
2441,2500000000,,
2442,2500000000,,
2443,2500000000,,
2444,2500000000,,
2445,2500000000,,
2446,2500000000,,
2447,2500000000,,
2448,2500000000,,
2449,2500000000,,
2450,2500000000,,
2451,2500000000,,
2452,2500000000,,
2453,2500000000,,
2454,2500000000,,
2455,2500000000,,
2456,2500000000,,
2457,2500000000,,
2458,2500000000,,
2459,2500000000,,
2460,2500000000,,
2461,2500000000,,
2462,2500000000,,
2463,2500000000,,
2464,2500000000,,
2465,2500000000,,
2466,2500000000,,
2467,2500000000,,
2468,2500000000,,
2469,2500000000,,
2470,2500000000,,
2471,2500000000,,
2472,2500000000,,
2473,2500000000,,
2474,2500000000,,
2475,2500000000,,
2476,2500000000,,
2477,2500000000,,
2478,2500000000,,
2479,2500000000,,
2480,2500000000,,
2481,2500000000,,
2482,2500000000,,
2483,2500000000,,
2484,2500000000,,
2485,2500000000,,
2486,2500000000,,
2487,2500000000,,
2488,2500000000,,
2489,2500000000,,
2490,2500000000,,
2491,2500000000,,
2492,2500000000,,
2493,2500000000,,
2494,2500000000,,
2495,2500000000,,
2496,2500000000,,
2497,2500000000,,
2498,2500000000,,
2499,2500000000,,
2500,2500000000,,
2501,2500000000,,
2502,2500000000,,
2503,2500000000,,
2504,2500000000,,
2505,2500000000,,
2506,2500000000,,
2507,2500000000,,
2508,2500000000,,
2509,2500000000,,
2510,2500000000,,
2511,2500000000,,
2512,2500000000,,
2513,2500000000,,
2514,2500000000,,
2515,2500000000,,
2516,2500000000,,
2517,2500000000,,
2518,2500000000,,
2519,2500000000,,
2520,2500000000,,
2521,2500000000,,
2522,2500000000,,
2523,2500000000,,
2524,2500000000,,
2525,2500000000,,
2526,2500000000,,
2527,2500000000,,
2528,2500000000,,
2529,2500000000,,
2530,2500000000,,
2531,2500000000,,
2532,2500000000,,
2533,2500000000,,
2534,2500000000,,
2535,2500000000,,
2536,2500000000,,
2537,2500000000,,
2538,2500000000,,
2539,2500000000,,
2540,2500000000,,
2541,2500000000,,
2542,2500000000,,
2543,2500000000,,
2544,2500000000,,
2545,2500000000,,
2546,2500000000,,
2547,2500000000,,
2548,2500000000,,
2549,2500000000,,
2550,2500000000,,
2551,2500000000,,
2552,2500000000,,
2553,2500000000,,
2554,2500000000,,
2555,2500000000,,
2556,2500000000,,
2557,2500000000,,
2558,2500000000,,
2559,2500000000,,
2560,2500000000,,
2561,2500000000,,
2562,2500000000,,
2563,2500000000,,
2564,2500000000,,
2565,2500000000,,
2566,2500000000,,
2567,2500000000,,
2568,2500000000,,
2569,2500000000,,
2570,2500000000,,
2571,2500000000,,
2572,2500000000,,
2573,2500000000,,
2574,2500000000,,
2575,2500000000,,
2576,2500000000,,
2577,2500000000,,
2578,2500000000,,
2579,2500000000,,
2580,2500000000,,
2581,2500000000,,
2582,2500000000,,
2583,2500000000,,
2584,2500000000,,
2585,2500000000,,
2586,2500000000,,
2587,2500000000,,
2588,2500000000,,
2589,2500000000,,
2590,2500000000,,
2591,2500000000,,
2592,2500000000,,
2593,2500000000,,
2594,2500000000,,
2595,2500000000,,
2596,2500000000,,
2597,2500000000,,
2598,2500000000,,
2599,2500000000,,
2600,2500000000,,
2601,2500000000,,
2602,2500000000,,
2603,2500000000,,
2604,2500000000,,
2605,2500000000,,
2606,2500000000,,
2607,2500000000,,
2608,2500000000,,
2609,2500000000,,
2610,2500000000,,
2611,2500000000,,
2612,2500000000,,
2613,2500000000,,
2614,2500000000,,
2615,2500000000,,
2616,2500000000,,
2617,2500000000,,
2618,2500000000,,
2619,2500000000,,
2620,2500000000,,
2621,2500000000,,
2622,2500000000,,
2623,2500000000,,
2624,2500000000,,
2625,2500000000,,
2626,2500000000,,
2627,2500000000,,
2628,2500000000,,
2629,2500000000,,
2630,2500000000,,
2631,2500000000,,
2632,2500000000,,
2633,2500000000,,
2634,2500000000,,
2635,2500000000,,
2636,2500000000,,
2637,2500000000,,
2638,2500000000,,
2639,2500000000,,
2640,2500000000,,
2641,2500000000,,
2642,2500000000,,
2643,2500000000,,
2644,2500000000,,
2645,2500000000,,
2646,2500000000,,
2647,2500000000,,
2648,2500000000,,
2649,2500000000,,
2650,2500000000,,
2651,2500000000,,
2652,2500000000,,
2653,2500000000,,
2654,2500000000,,
2655,2500000000,,
2656,2500000000,,
2657,2500000000,,
2658,2500000000,,
2659,2500000000,,
2660,2500000000,,
2661,2500000000,,
2662,2500000000,,
2663,2500000000,,
2664,2500000000,,
2665,2500000000,,
2666,2500000000,,
2667,2500000000,,
2668,2500000000,,
2669,2500000000,,
2670,2500000000,,
2671,2500000000,,
2672,2500000000,,
2673,2500000000,,
2674,2500000000,,
2675,2500000000,,
2676,2500000000,,
2677,2500000000,,
2678,2500000000,,
2679,2500000000,,
2680,2500000000,,
2681,2500000000,,
2682,2500000000,,
2683,2500000000,,
2684,2500000000,,
2685,2500000000,,
2686,2500000000,,
2687,2500000000,,
2688,2500000000,,
2689,2500000000,,
2690,2500000000,,
2691,2500000000,,
2692,2500000000,,
2693,2500000000,,
2694,2500000000,,
2695,2500000000,,
2696,2500000000,,
2697,2500000000,,
2698,2500000000,,
2699,2500000000,,
2700,2500000000,,
2701,2500000000,,
2702,2500000000,,
2703,2500000000,,
2704,2500000000,,
2705,2500000000,,
2706,2500000000,,
2707,2500000000,,
2708,2500000000,,
2709,2500000000,,
2710,2500000000,,
2711,2500000000,,
2712,2500000000,,
2713,2500000000,,
2714,2500000000,,
2715,2500000000,,
2716,2500000000,,
2717,2500000000,,
2718,2500000000,,
2719,2500000000,,
2720,2500000000,,
2721,2500000000,,
2722,2500000000,,
2723,2500000000,,
2724,2500000000,,
2725,2500000000,,
2726,2500000000,,
2727,2500000000,,
2728,2500000000,,
2729,2500000000,,
2730,2500000000,,
2731,2500000000,,
2732,2500000000,,
2733,2500000000,,
2734,2500000000,,
2735,2500000000,,
2736,2500000000,,
2737,2500000000,,
2738,2500000000,,
2739,2500000000,,
2740,2500000000,,
2741,2500000000,,
2742,2500000000,,
2743,2500000000,,
2744,2500000000,,
2745,2500000000,,
2746,2500000000,,
2747,2500000000,,
2748,2500000000,,
2749,2500000000,,
2750,2500000000,,
2751,2500000000,,
2752,2500000000,,
2753,2500000000,,
2754,2500000000,,
2755,2500000000,,
2756,2500000000,,
2757,2500000000,,
2758,2500000000,,
2759,2500000000,,
2760,2500000000,,
2761,2500000000,,
2762,2500000000,,
2763,2500000000,,
2764,2500000000,,
2765,2500000000,,
2766,2500000000,,
2767,2500000000,,
2768,2500000000,,
2769,2500000000,,
2770,2500000000,,
2771,2500000000,,
2772,2500000000,,
2773,2500000000,,
2774,2500000000,,
2775,2500000000,,
2776,2500000000,,
2777,2500000000,,
2778,2500000000,,
2779,2500000000,,
2780,2500000000,,
2781,2500000000,,
2782,2500000000,,
2783,2500000000,,
2784,2500000000,,
2785,2500000000,,
2786,2500000000,,
2787,2500000000,,
2788,2500000000,,
2789,2500000000,,
2790,2500000000,,
2791,2500000000,,
2792,2500000000,,
2793,2500000000,,
2794,2500000000,,
2795,2500000000,,
2796,2500000000,,
2797,2500000000,,
2798,2500000000,,
2799,2500000000,,
2800,2500000000,,
2801,2500000000,,
2802,2500000000,,
2803,2500000000,,
2804,2500000000,,
2805,2500000000,,
2806,2500000000,,
2807,2500000000,,
2808,2500000000,,
2809,2500000000,,
2810,2500000000,,
2811,2500000000,,
2812,2500000000,,
2813,2500000000,,
2814,2500000000,,
2815,2500000000,,
2816,2500000000,,
2817,2500000000,,
2818,2500000000,,
2819,2500000000,,
2820,2500000000,,
2821,2500000000,,
2822,2500000000,,
2823,2500000000,,
2824,2500000000,,
2825,2500000000,,
2826,2500000000,,
2827,2500000000,,
2828,2500000000,,
2829,2500000000,,
2830,2500000000,,
2831,2500000000,,
2832,2500000000,,
2833,2500000000,,
2834,2500000000,,
2835,2500000000,,
2836,2500000000,,
2837,2500000000,,
2838,2500000000,,
2839,2500000000,,
2840,2500000000,,
2841,2500000000,,
2842,2500000000,,
2843,2500000000,,
2844,2500000000,,
2845,2500000000,,
2846,2500000000,,
2847,2500000000,,
2848,2500000000,,
2849,2500000000,,
2850,2500000000,,
2851,2500000000,,
2852,2500000000,,
2853,2500000000,,
2854,2500000000,,
2855,2500000000,,
2856,2500000000,,
2857,2500000000,,
2858,2500000000,,
2859,2500000000,,
2860,2500000000,,
2861,2500000000,,
2862,2500000000,,
2863,2500000000,,
2864,2500000000,,
2865,2500000000,,
2866,2500000000,,
2867,2500000000,,
2868,2500000000,,
2869,2500000000,,
2870,2500000000,,
2871,2500000000,,
2872,2500000000,,
2873,2500000000,,
2874,2500000000,,
2875,2500000000,,
2876,2500000000,,
2877,2500000000,,
2878,2500000000,,
2879,2500000000,,
2880,2500000000,,
2881,2500000000,,
2882,2500000000,,
2883,2500000000,,
2884,2500000000,,
2885,2500000000,,
2886,2500000000,,
2887,2500000000,,
2888,2500000000,,
2889,2500000000,,
2890,2500000000,,
2891,2500000000,,
2892,2500000000,,
2893,2500000000,,
2894,2500000000,,
2895,2500000000,,
2896,2500000000,,
2897,2500000000,,
2898,2500000000,,
2899,2500000000,,
2900,2500000000,,
2901,2500000000,,
2902,2500000000,,
2903,2500000000,,
2904,2500000000,,
2905,2500000000,,
2906,2500000000,,
2907,2500000000,,
2908,2500000000,,
2909,2500000000,,
2910,2500000000,,
2911,2500000000,,
2912,2500000000,,
2913,2500000000,,
2914,2500000000,,
2915,2500000000,,
2916,2500000000,,
2917,2500000000,,
2918,2500000000,,
2919,2500000000,,
2920,2500000000,,
2921,2500000000,,
2922,2500000000,,
2923,2500000000,,
2924,2500000000,,
2925,2500000000,,
2926,2500000000,,
2927,2500000000,,
2928,2500000000,,
2929,2500000000,,
2930,2500000000,,
2931,2500000000,,
2932,2500000000,,
2933,2500000000,,
2934,2500000000,,
2935,2500000000,,
2936,2500000000,,
2937,2500000000,,
2938,2500000000,,
2939,2500000000,,
2940,2500000000,,
2941,2500000000,,
2942,2500000000,,
2943,2500000000,,
2944,2500000000,,
2945,2500000000,,
2946,2500000000,,
2947,2500000000,,
2948,2500000000,,
2949,2500000000,,
2950,2500000000,,
2951,2500000000,,
2952,2500000000,,
2953,2500000000,,
2954,2500000000,,
2955,2500000000,,
2956,2500000000,,
2957,2500000000,,
2958,2500000000,,
2959,2500000000,,
2960,2500000000,,
2961,2500000000,,
2962,2500000000,,
2963,2500000000,,
2964,2500000000,,
2965,2500000000,,
2966,2500000000,,
2967,2500000000,,
2968,2500000000,,
2969,2500000000,,
2970,2500000000,,
2971,2500000000,,
2972,2500000000,,
2973,2500000000,,
2974,2500000000,,
2975,2500000000,,
2976,2500000000,,
2977,2500000000,,
2978,2500000000,,
2979,2500000000,,
2980,2500000000,,
2981,2500000000,,
2982,2500000000,,
2983,2500000000,,
2984,2500000000,,
2985,2500000000,,
2986,2500000000,,
2987,2500000000,,
2988,2500000000,,
2989,2500000000,,
2990,2500000000,,
2991,2500000000,,
2992,2500000000,,
2993,2500000000,,
2994,2500000000,,
2995,2500000000,,
2996,2500000000,,
2997,2500000000,,
2998,2500000000,,
2999,2500000000,,
3000,2500000000,,
3001,4700000000,,
3002,4700000000,,
3003,4700000000,,
3004,4700000000,,
3005,4700000000,,
3006,4700000000,,
3007,4700000000,,
3008,4700000000,,
3009,4700000000,,
3010,4700000000,,
3011,4700000000,,
3012,4700000000,,
3013,4700000000,,
3014,4700000000,,
3015,4700000000,,
3016,4700000000,,
3017,4700000000,,
3018,4700000000,,
3019,4700000000,,
3020,4700000000,,
3021,4700000000,,
3022,4700000000,,
3023,4700000000,,
3024,4700000000,,
3025,4700000000,,
3026,4700000000,,
3027,4700000000,,
3028,4700000000,,
3029,4700000000,,
3030,4700000000,,
3031,4700000000,,
3032,4700000000,,
3033,4700000000,,
3034,4700000000,,
3035,4700000000,,
3036,4700000000,,
3037,4700000000,,
3038,4700000000,,
3039,4700000000,,
3040,4700000000,,
3041,4700000000,,
3042,4700000000,,
3043,4700000000,,
3044,4700000000,,
3045,4700000000,,
3046,4700000000,,
3047,4700000000,,
3048,4700000000,,
3049,4700000000,,
3050,4700000000,,
3051,4700000000,,
3052,4700000000,,
3053,4700000000,,
3054,4700000000,,
3055,4700000000,,
3056,4700000000,,
3057,4700000000,,
3058,4700000000,,
3059,4700000000,,
3060,4700000000,,
3061,4700000000,,
3062,4700000000,,
3063,4700000000,,
3064,4700000000,,
3065,4700000000,,
3066,4700000000,,
3067,4700000000,,
3068,4700000000,,
3069,4700000000,,
3070,4700000000,,
3071,4700000000,,
3072,4700000000,,
3073,4700000000,,
3074,4700000000,,
3075,4700000000,,
3076,4700000000,,
3077,4700000000,,
3078,4700000000,,
3079,4700000000,,
3080,4700000000,,
3081,4700000000,,
3082,4700000000,,
3083,4700000000,,
3084,4700000000,,
3085,4700000000,,
3086,4700000000,,
3087,4700000000,,
3088,4700000000,,
3089,4700000000,,
3090,4700000000,,
3091,4700000000,,
3092,4700000000,,
3093,4700000000,,
3094,4700000000,,
3095,4700000000,,
3096,4700000000,,
3097,4700000000,,
3098,4700000000,,
3099,4700000000,,
3100,4700000000,,
3101,4700000000,,
3102,4700000000,,
3103,4700000000,,
3104,4700000000,,
3105,4700000000,,
3106,4700000000,,
3107,4700000000,,
3108,4700000000,,
3109,4700000000,,
3110,4700000000,,
3111,4700000000,,
3112,4700000000,,
3113,4700000000,,
3114,4700000000,,
3115,4700000000,,
3116,4700000000,,
3117,4700000000,,
3118,4700000000,,
3119,4700000000,,
3120,4700000000,,
3121,4700000000,,
3122,4700000000,,
3123,4700000000,,
3124,4700000000,,
3125,4700000000,,
3126,4700000000,,
3127,4700000000,,
3128,4700000000,,
3129,4700000000,,
3130,4700000000,,
3131,4700000000,,
3132,4700000000,,
3133,4700000000,,
3134,4700000000,,
3135,4700000000,,
3136,4700000000,,
3137,4700000000,,
3138,4700000000,,
3139,4700000000,,
3140,4700000000,,
3141,4700000000,,
3142,4700000000,,
3143,4700000000,,
3144,4700000000,,
3145,4700000000,,
3146,4700000000,,
3147,4700000000,,
3148,4700000000,,
3149,4700000000,,
3150,4700000000,,
3151,4700000000,,
3152,4700000000,,
3153,4700000000,,
3154,4700000000,,
3155,4700000000,,
3156,4700000000,,
3157,4700000000,,
3158,4700000000,,
3159,4700000000,,
3160,4700000000,,
3161,4700000000,,
3162,4700000000,,
3163,4700000000,,
3164,4700000000,,
3165,4700000000,,
3166,4700000000,,
3167,4700000000,,
3168,4700000000,,
3169,4700000000,,
3170,4700000000,,
3171,4700000000,,
3172,4700000000,,
3173,4700000000,,
3174,4700000000,,
3175,4700000000,,
3176,4700000000,,
3177,4700000000,,
3178,4700000000,,
3179,4700000000,,
3180,4700000000,,
3181,4700000000,,
3182,4700000000,,
3183,4700000000,,
3184,4700000000,,
3185,4700000000,,
3186,4700000000,,
3187,4700000000,,
3188,4700000000,,
3189,4700000000,,
3190,4700000000,,
3191,4700000000,,
3192,4700000000,,
3193,4700000000,,
3194,4700000000,,
3195,4700000000,,
3196,4700000000,,
3197,4700000000,,
3198,4700000000,,
3199,4700000000,,
3200,4700000000,,
3201,4700000000,,
3202,4700000000,,
3203,4700000000,,
3204,4700000000,,
3205,4700000000,,
3206,4700000000,,
3207,4700000000,,
3208,4700000000,,
3209,4700000000,,
3210,4700000000,,
3211,4700000000,,
3212,4700000000,,
3213,4700000000,,
3214,4700000000,,
3215,4700000000,,
3216,4700000000,,
3217,4700000000,,
3218,4700000000,,
3219,4700000000,,
3220,4700000000,,
3221,4700000000,,
3222,4700000000,,
3223,4700000000,,
3224,4700000000,,
3225,4700000000,,
3226,4700000000,,
3227,4700000000,,
3228,4700000000,,
3229,4700000000,,
3230,4700000000,,
3231,4700000000,,
3232,4700000000,,
3233,4700000000,,
3234,4700000000,,
3235,4700000000,,
3236,4700000000,,
3237,4700000000,,
3238,4700000000,,
3239,4700000000,,
3240,4700000000,,
3241,4700000000,,
3242,4700000000,,
3243,4700000000,,
3244,4700000000,,
3245,4700000000,,
3246,4700000000,,
3247,4700000000,,
3248,4700000000,,
3249,4700000000,,
3250,4700000000,,
3251,4700000000,,
3252,4700000000,,
3253,4700000000,,
3254,4700000000,,
3255,4700000000,,
3256,4700000000,,
3257,4700000000,,
3258,4700000000,,
3259,4700000000,,
3260,4700000000,,
3261,4700000000,,
3262,4700000000,,
3263,4700000000,,
3264,4700000000,,
3265,4700000000,,
3266,4700000000,,
3267,4700000000,,
3268,4700000000,,
3269,4700000000,,
3270,4700000000,,
3271,4700000000,,
3272,4700000000,,
3273,4700000000,,
3274,4700000000,,
3275,4700000000,,
3276,4700000000,,
3277,4700000000,,
3278,4700000000,,
3279,4700000000,,
3280,4700000000,,
3281,4700000000,,
3282,4700000000,,
3283,4700000000,,
3284,4700000000,,
3285,4700000000,,
3286,4700000000,,
3287,4700000000,,
3288,4700000000,,
3289,4700000000,,
3290,4700000000,,
3291,4700000000,,
3292,4700000000,,
3293,4700000000,,
3294,4700000000,,
3295,4700000000,,
3296,4700000000,,
3297,4700000000,,
3298,4700000000,,
3299,4700000000,,
3300,4700000000,,
3301,4700000000,,
3302,4700000000,,
3303,4700000000,,
3304,4700000000,,
3305,4700000000,,
3306,4700000000,,
3307,4700000000,,
3308,4700000000,,
3309,4700000000,,
3310,4700000000,,
3311,4700000000,,
3312,4700000000,,
3313,4700000000,,
3314,4700000000,,
3315,4700000000,,
3316,4700000000,,
3317,4700000000,,
3318,4700000000,,
3319,4700000000,,
3320,4700000000,,
3321,4700000000,,
3322,4700000000,,
3323,4700000000,,
3324,4700000000,,
3325,4700000000,,
3326,4700000000,,
3327,4700000000,,
3328,4700000000,,
3329,4700000000,,
3330,4700000000,,
3331,4700000000,,
3332,4700000000,,
3333,4700000000,,
3334,4700000000,,
3335,4700000000,,
3336,4700000000,,
3337,4700000000,,
3338,4700000000,,
3339,4700000000,,
3340,4700000000,,
3341,4700000000,,
3342,4700000000,,
3343,4700000000,,
3344,4700000000,,
3345,4700000000,,
3346,4700000000,,
3347,4700000000,,
3348,4700000000,,
3349,4700000000,,
3350,4700000000,,
3351,4700000000,,
3352,4700000000,,
3353,4700000000,,
3354,4700000000,,
3355,4700000000,,
3356,4700000000,,
3357,4700000000,,
3358,4700000000,,
3359,4700000000,,
3360,4700000000,,
3361,4700000000,,
3362,4700000000,,
3363,4700000000,,
3364,4700000000,,
3365,4700000000,,
3366,4700000000,,
3367,4700000000,,
3368,4700000000,,
3369,4700000000,,
3370,4700000000,,
3371,4700000000,,
3372,4700000000,,
3373,4700000000,,
3374,4700000000,,
3375,4700000000,,
3376,4700000000,,
3377,4700000000,,
3378,4700000000,,
3379,4700000000,,
3380,4700000000,,
3381,4700000000,,
3382,4700000000,,
3383,4700000000,,
3384,4700000000,,
3385,4700000000,,
3386,4700000000,,
3387,4700000000,,
3388,4700000000,,
3389,4700000000,,
3390,4700000000,,
3391,4700000000,,
3392,4700000000,,
3393,4700000000,,
3394,4700000000,,
3395,4700000000,,
3396,4700000000,,
3397,4700000000,,
3398,4700000000,,
3399,4700000000,,
3400,4700000000,,
3401,4700000000,,
3402,4700000000,,
3403,4700000000,,
3404,4700000000,,
3405,4700000000,,
3406,4700000000,,
3407,4700000000,,
3408,4700000000,,
3409,4700000000,,
3410,4700000000,,
3411,4700000000,,
3412,4700000000,,
3413,4700000000,,
3414,4700000000,,
3415,4700000000,,
3416,4700000000,,
3417,4700000000,,
3418,4700000000,,
3419,4700000000,,
3420,4700000000,,
3421,4700000000,,
3422,4700000000,,
3423,4700000000,,
3424,4700000000,,
3425,4700000000,,
3426,4700000000,,
3427,4700000000,,
3428,4700000000,,
3429,4700000000,,
3430,4700000000,,
3431,4700000000,,
3432,4700000000,,
3433,4700000000,,
3434,4700000000,,
3435,4700000000,,
3436,4700000000,,
3437,4700000000,,
3438,4700000000,,
3439,4700000000,,
3440,4700000000,,
3441,4700000000,,
3442,4700000000,,
3443,4700000000,,
3444,4700000000,,
3445,4700000000,,
3446,4700000000,,
3447,4700000000,,
3448,4700000000,,
3449,4700000000,,
3450,4700000000,,
3451,4700000000,,
3452,4700000000,,
3453,4700000000,,
3454,4700000000,,
3455,4700000000,,
3456,4700000000,,
3457,4700000000,,
3458,4700000000,,
3459,4700000000,,
3460,4700000000,,
3461,4700000000,,
3462,4700000000,,
3463,4700000000,,
3464,4700000000,,
3465,4700000000,,
3466,4700000000,,
3467,4700000000,,
3468,4700000000,,
3469,4700000000,,
3470,4700000000,,
3471,4700000000,,
3472,4700000000,,
3473,4700000000,,
3474,4700000000,,
3475,4700000000,,
3476,4700000000,,
3477,4700000000,,
3478,4700000000,,
3479,4700000000,,
3480,4700000000,,
3481,4700000000,,
3482,4700000000,,
3483,4700000000,,
3484,4700000000,,
3485,4700000000,,
3486,4700000000,,
3487,4700000000,,
3488,4700000000,,
3489,4700000000,,
3490,4700000000,,
3491,4700000000,,
3492,4700000000,,
3493,4700000000,,
3494,4700000000,,
3495,4700000000,,
3496,4700000000,,
3497,4700000000,,
3498,4700000000,,
3499,4700000000,,
3500,4700000000,,
3501,4700000000,,
3502,4700000000,,
3503,4700000000,,
3504,4700000000,,
3505,4700000000,,
3506,4700000000,,
3507,4700000000,,
3508,4700000000,,
3509,4700000000,,
3510,4700000000,,
3511,4700000000,,
3512,4700000000,,
3513,4700000000,,
3514,4700000000,,
3515,4700000000,,
3516,4700000000,,
3517,4700000000,,
3518,4700000000,,
3519,4700000000,,
3520,4700000000,,
3521,4700000000,,
3522,4700000000,,
3523,4700000000,,
3524,4700000000,,
3525,4700000000,,
3526,4700000000,,
3527,4700000000,,
3528,4700000000,,
3529,4700000000,,
3530,4700000000,,
3531,4700000000,,
3532,4700000000,,
3533,4700000000,,
3534,4700000000,,
3535,4700000000,,
3536,4700000000,,
3537,4700000000,,
3538,4700000000,,
3539,4700000000,,
3540,4700000000,,
3541,4700000000,,
3542,4700000000,,
3543,4700000000,,
3544,4700000000,,
3545,4700000000,,
3546,4700000000,,
3547,4700000000,,
3548,4700000000,,
3549,4700000000,,
3550,4700000000,,
3551,4700000000,,
3552,4700000000,,
3553,4700000000,,
3554,4700000000,,
3555,4700000000,,
3556,4700000000,,
3557,4700000000,,
3558,4700000000,,
3559,4700000000,,
3560,4700000000,,
3561,4700000000,,
3562,4700000000,,
3563,4700000000,,
3564,4700000000,,
3565,4700000000,,
3566,4700000000,,
3567,4700000000,,
3568,4700000000,,
3569,4700000000,,
3570,4700000000,,
3571,4700000000,,
3572,4700000000,,
3573,4700000000,,
3574,4700000000,,
3575,4700000000,,
3576,4700000000,,
3577,4700000000,,
3578,4700000000,,
3579,4700000000,,
3580,4700000000,,
3581,4700000000,,
3582,4700000000,,
3583,4700000000,,
3584,4700000000,,
3585,4700000000,,
3586,4700000000,,
3587,4700000000,,
3588,4700000000,,
3589,4700000000,,
3590,4700000000,,
3591,4700000000,,
3592,4700000000,,
3593,4700000000,,
3594,4700000000,,
3595,4700000000,,
3596,4700000000,,
3597,4700000000,,
3598,4700000000,,
3599,4700000000,,
3600,4700000000,,
3601,4700000000,,
3602,4700000000,,
3603,4700000000,,
3604,4700000000,,
3605,4700000000,,
3606,4700000000,,
3607,4700000000,,
3608,4700000000,,
3609,4700000000,,
3610,4700000000,,
3611,4700000000,,
3612,4700000000,,
3613,4700000000,,
3614,4700000000,,
3615,4700000000,,
3616,4700000000,,
3617,4700000000,,
3618,4700000000,,
3619,4700000000,,
3620,4700000000,,
3621,4700000000,,
3622,4700000000,,
3623,4700000000,,
3624,4700000000,,
3625,4700000000,,
3626,4700000000,,
3627,4700000000,,
3628,4700000000,,
3629,4700000000,,
3630,4700000000,,
3631,4700000000,,
3632,4700000000,,
3633,4700000000,,
3634,4700000000,,
3635,4700000000,,
3636,4700000000,,
3637,4700000000,,
3638,4700000000,,
3639,4700000000,,
3640,4700000000,,
3641,4700000000,,
3642,4700000000,,
3643,4700000000,,
3644,4700000000,,
3645,4700000000,,
3646,4700000000,,
3647,4700000000,,
3648,4700000000,,
3649,4700000000,,
3650,4700000000,,
3651,4700000000,,
3652,4700000000,,
3653,4700000000,,
3654,4700000000,,
3655,4700000000,,
3656,4700000000,,
3657,4700000000,,
3658,4700000000,,
3659,4700000000,,
3660,4700000000,,
3661,4700000000,,
3662,4700000000,,
3663,4700000000,,
3664,4700000000,,
3665,4700000000,,
3666,4700000000,,
3667,4700000000,,
3668,4700000000,,
3669,4700000000,,
3670,4700000000,,
3671,4700000000,,
3672,4700000000,,
3673,4700000000,,
3674,4700000000,,
3675,4700000000,,
3676,4700000000,,
3677,4700000000,,
3678,4700000000,,
3679,4700000000,,
3680,4700000000,,
3681,4700000000,,
3682,4700000000,,
3683,4700000000,,
3684,4700000000,,
3685,4700000000,,
3686,4700000000,,
3687,4700000000,,
3688,4700000000,,
3689,4700000000,,
3690,4700000000,,
3691,4700000000,,
3692,4700000000,,
3693,4700000000,,
3694,4700000000,,
3695,4700000000,,
3696,4700000000,,
3697,4700000000,,
3698,4700000000,,
3699,4700000000,,
3700,4700000000,,
3701,4700000000,,
3702,4700000000,,
3703,4700000000,,
3704,4700000000,,
3705,4700000000,,
3706,4700000000,,
3707,4700000000,,
3708,4700000000,,
3709,4700000000,,
3710,4700000000,,
3711,4700000000,,
3712,4700000000,,
3713,4700000000,,
3714,4700000000,,
3715,4700000000,,
3716,4700000000,,
3717,4700000000,,
3718,4700000000,,
3719,4700000000,,
3720,4700000000,,
3721,4700000000,,
3722,4700000000,,
3723,4700000000,,
3724,4700000000,,
3725,4700000000,,
3726,4700000000,,
3727,4700000000,,
3728,4700000000,,
3729,4700000000,,
3730,4700000000,,
3731,4700000000,,
3732,4700000000,,
3733,4700000000,,
3734,4700000000,,
3735,4700000000,,
3736,4700000000,,
3737,4700000000,,
3738,4700000000,,
3739,4700000000,,
3740,4700000000,,
3741,4700000000,,
3742,4700000000,,
3743,4700000000,,
3744,4700000000,,
3745,4700000000,,
3746,4700000000,,
3747,4700000000,,
3748,4700000000,,
3749,4700000000,,
3750,4700000000,,
3751,4700000000,,
3752,4700000000,,
3753,4700000000,,
3754,4700000000,,
3755,4700000000,,
3756,4700000000,,
3757,4700000000,,
3758,4700000000,,
3759,4700000000,,
3760,4700000000,,
3761,4700000000,,
3762,4700000000,,
3763,4700000000,,
3764,4700000000,,
3765,4700000000,,
3766,4700000000,,
3767,4700000000,,
3768,4700000000,,
3769,4700000000,,
3770,4700000000,,
3771,4700000000,,
3772,4700000000,,
3773,4700000000,,
3774,4700000000,,
3775,4700000000,,
3776,4700000000,,
3777,4700000000,,
3778,4700000000,,
3779,4700000000,,
3780,4700000000,,
3781,4700000000,,
3782,4700000000,,
3783,4700000000,,
3784,4700000000,,
3785,4700000000,,
3786,4700000000,,
3787,4700000000,,
3788,4700000000,,
3789,4700000000,,
3790,4700000000,,
3791,4700000000,,
3792,4700000000,,
3793,4700000000,,
3794,4700000000,,
3795,4700000000,,
3796,4700000000,,
3797,4700000000,,
3798,4700000000,,
3799,4700000000,,
3800,4700000000,,
3801,4700000000,,
3802,4700000000,,
3803,4700000000,,
3804,4700000000,,
3805,4700000000,,
3806,4700000000,,
3807,4700000000,,
3808,4700000000,,
3809,4700000000,,
3810,4700000000,,
3811,4700000000,,
3812,4700000000,,
3813,4700000000,,
3814,4700000000,,
3815,4700000000,,
3816,4700000000,,
3817,4700000000,,
3818,4700000000,,
3819,4700000000,,
3820,4700000000,,
3821,4700000000,,
3822,4700000000,,
3823,4700000000,,
3824,4700000000,,
3825,4700000000,,
3826,4700000000,,
3827,4700000000,,
3828,4700000000,,
3829,4700000000,,
3830,4700000000,,
3831,4700000000,,
3832,4700000000,,
3833,4700000000,,
3834,4700000000,,
3835,4700000000,,
3836,4700000000,,
3837,4700000000,,
3838,4700000000,,
3839,4700000000,,
3840,4700000000,,
3841,4700000000,,
3842,4700000000,,
3843,4700000000,,
3844,4700000000,,
3845,4700000000,,
3846,4700000000,,
3847,4700000000,,
3848,4700000000,,
3849,4700000000,,
3850,4700000000,,
3851,4700000000,,
3852,4700000000,,
3853,4700000000,,
3854,4700000000,,
3855,4700000000,,
3856,4700000000,,
3857,4700000000,,
3858,4700000000,,
3859,4700000000,,
3860,4700000000,,
3861,4700000000,,
3862,4700000000,,
3863,4700000000,,
3864,4700000000,,
3865,4700000000,,
3866,4700000000,,
3867,4700000000,,
3868,4700000000,,
3869,4700000000,,
3870,4700000000,,
3871,4700000000,,
3872,4700000000,,
3873,4700000000,,
3874,4700000000,,
3875,4700000000,,
3876,4700000000,,
3877,4700000000,,
3878,4700000000,,
3879,4700000000,,
3880,4700000000,,
3881,4700000000,,
3882,4700000000,,
3883,4700000000,,
3884,4700000000,,
3885,4700000000,,
3886,4700000000,,
3887,4700000000,,
3888,4700000000,,
3889,4700000000,,
3890,4700000000,,
3891,4700000000,,
3892,4700000000,,
3893,4700000000,,
3894,4700000000,,
3895,4700000000,,
3896,4700000000,,
3897,4700000000,,
3898,4700000000,,
3899,4700000000,,
3900,4700000000,,
3901,4700000000,,
3902,4700000000,,
3903,4700000000,,
3904,4700000000,,
3905,4700000000,,
3906,4700000000,,
3907,4700000000,,
3908,4700000000,,
3909,4700000000,,
3910,4700000000,,
3911,4700000000,,
3912,4700000000,,
3913,4700000000,,
3914,4700000000,,
3915,4700000000,,
3916,4700000000,,
3917,4700000000,,
3918,4700000000,,
3919,4700000000,,
3920,4700000000,,
3921,4700000000,,
3922,4700000000,,
3923,4700000000,,
3924,4700000000,,
3925,4700000000,,
3926,4700000000,,
3927,4700000000,,
3928,4700000000,,
3929,4700000000,,
3930,4700000000,,
3931,4700000000,,
3932,4700000000,,
3933,4700000000,,
3934,4700000000,,
3935,4700000000,,
3936,4700000000,,
3937,4700000000,,
3938,4700000000,,
3939,4700000000,,
3940,4700000000,,
3941,4700000000,,
3942,4700000000,,
3943,4700000000,,
3944,4700000000,,
3945,4700000000,,
3946,4700000000,,
3947,4700000000,,
3948,4700000000,,
3949,4700000000,,
3950,4700000000,,
3951,4700000000,,
3952,4700000000,,
3953,4700000000,,
3954,4700000000,,
3955,4700000000,,
3956,4700000000,,
3957,4700000000,,
3958,4700000000,,
3959,4700000000,,
3960,4700000000,,
3961,4700000000,,
3962,4700000000,,
3963,4700000000,,
3964,4700000000,,
3965,4700000000,,
3966,4700000000,,
3967,4700000000,,
3968,4700000000,,
3969,4700000000,,
3970,4700000000,,
3971,4700000000,,
3972,4700000000,,
3973,4700000000,,
3974,4700000000,,
3975,4700000000,,
3976,4700000000,,
3977,4700000000,,
3978,4700000000,,
3979,4700000000,,
3980,4700000000,,
3981,4700000000,,
3982,4700000000,,
3983,4700000000,,
3984,4700000000,,
3985,4700000000,,
3986,4700000000,,
3987,4700000000,,
3988,4700000000,,
3989,4700000000,,
3990,4700000000,,
3991,4700000000,,
3992,4700000000,,
3993,4700000000,,
3994,4700000000,,
3995,4700000000,,
3996,4700000000,,
3997,4700000000,,
3998,4700000000,,
3999,4700000000,,
4000,4700000000,,
4001,4700000000,,
4002,4700000000,,
4003,4700000000,,
4004,4700000000,,
4005,4700000000,,
4006,4700000000,,
4007,4700000000,,