gamer_id,inDate,프로덕트 아이디 ,nickname
9fa61b10-794d-11ee-b352-fda36415cc5f,2023-11-26 23:39:00,rpgg2.roulette.07,군림
01166890-8b7e-11ee-9748-c91b5e419234,2023-11-26 21:07:18,rpgg2.roulette.09,123123
3e39ede0-55a6-11ee-ab64-131c3da02304,2023-11-26 03:58:18,rpgg2.ads.free,무덤글
f0616e00-8704-11ee-bf15-07bc16ee9f51,2023-11-25 23:20:44,rpgg2.fire.40002,달은문
e7b50530-8a49-11ee-bd4a-a1d0c3b3773d,2023-11-25 18:12:00,rpgg2.ads.free,DarkAzu
177e8b20-87ba-11ee-a952-f5a50ea62cc0,2023-11-25 17:06:27,rpgg2.equip.packagew22,또동이
177e8b20-87ba-11ee-a952-f5a50ea62cc0,2023-11-25 17:06:00,rpgg2.equip.packagew12,또동이
177e8b20-87ba-11ee-a952-f5a50ea62cc0,2023-11-25 16:54:47,rpgg2.roulette.08,또동이
177e8b20-87ba-11ee-a952-f5a50ea62cc0,2023-11-25 16:53:43,rpgg2.roulette.08,또동이
177e8b20-87ba-11ee-a952-f5a50ea62cc0,2023-11-25 16:38:45,rpgg2.package.33000,또동이
9fa61b10-794d-11ee-b352-fda36415cc5f,2023-11-25 14:20:08,rpgg2.package.5500,군림
9fa61b10-794d-11ee-b352-fda36415cc5f,2023-11-25 14:01:13,rpgg2.all.package2,군림
7c359410-8ad4-11ee-8cea-1109e31ab0de,2023-11-25 13:01:05,rpgg2.package2023.bf6,AWDAW12
7c359410-8ad4-11ee-8cea-1109e31ab0de,2023-11-25 13:00:56,rpgg2.package2023.bf7,AWDAW12
7c359410-8ad4-11ee-8cea-1109e31ab0de,2023-11-25 13:00:49,rpgg2.package2023.bf4,AWDAW12
7c359410-8ad4-11ee-8cea-1109e31ab0de,2023-11-25 13:00:43,rpgg2.package2023.bf2,AWDAW12
7c359410-8ad4-11ee-8cea-1109e31ab0de,2023-11-25 13:00:38,rpgg2.package2023.bf1,AWDAW12
177e8b20-87ba-11ee-a952-f5a50ea62cc0,2023-11-25 12:24:44,rpgg2.dungeonenter200,또동이
9fa61b10-794d-11ee-b352-fda36415cc5f,2023-11-25 09:03:52,rpgg2.roulette.09,군림
9fa61b10-794d-11ee-b352-fda36415cc5f,2023-11-25 08:34:35,rpgg2.package.etc1,군림
9fa61b10-794d-11ee-b352-fda36415cc5f,2023-11-25 08:21:56,rpgg2.roulette.09,군림
177e8b20-87ba-11ee-a952-f5a50ea62cc0,2023-11-24 23:30:17,rpgg2.package.skill2,또동이
177e8b20-87ba-11ee-a952-f5a50ea62cc0,2023-11-24 23:01:27,rpgg2.package.skill2,또동이
45521150-8415-11ee-9ac8-f954b9d95245,2023-11-24 14:52:53,rpgg2.roulette.01,se
177e8b20-87ba-11ee-a952-f5a50ea62cc0,2023-11-24 14:44:06,rpgg2.ellibless30,또동이
44c2db40-8576-11ee-960a-b11e8b6622e7,2023-11-24 10:12:55,rpgg2.fire.85002,HID차무식
9fa61b10-794d-11ee-b352-fda36415cc5f,2023-11-24 05:18:29,rpgg2.roulette.08,군림
116e7090-482e-11ee-88cc-2d76add320f5,2023-11-24 01:21:44,rpgg2.package.etc1,동실통실
177e8b20-87ba-11ee-a952-f5a50ea62cc0,2023-11-23 23:57:48,rpgg2.ads.free,또동이
227d8b70-3792-11ee-a34b-dd1bb544ce3a,2023-11-23 22:11:56,rpgg2.ads.free,로젠
56952b40-7e3f-11ee-9c92-593c1228f95b,2023-11-23 16:33:32,rpgg2.ads.free,핫쪼꼬
27a109c0-35fc-11ee-803e-cb5813066c1d,2023-11-23 12:15:52,rpgg2.ellibless30,분냄새님
bd6fd0e0-86d2-11ee-85d8-2daaf0f1b27d,2023-11-22 09:33:17,rpgg2.ads.free,신의주량
44c2db40-8576-11ee-960a-b11e8b6622e7,2023-11-21 16:49:46,rpgg2.class3,HID차무식
bd6fd0e0-86d2-11ee-85d8-2daaf0f1b27d,2023-11-21 14:47:07,rpgg2.ellibless30,신의주량
44c2db40-8576-11ee-960a-b11e8b6622e7,2023-11-21 02:05:15,rpgg2.all.package1,HID차무식
21b36480-7ab8-11ee-a672-25dc7801e0db,2023-11-21 01:26:12,rpgg2.class3,siakq
97e7ae00-6de7-11ee-97a8-d7a21a1bd660,2023-11-20 22:36:33,rpgg2.ellibless30,빼꼼흑곰
44c2db40-8576-11ee-960a-b11e8b6622e7,2023-11-20 21:47:12,rpgg2.ellibless30,HID차무식
44c2db40-8576-11ee-960a-b11e8b6622e7,2023-11-20 21:43:16,rpgg2.ads.free,HID차무식
1f07f120-5438-11ee-8982-5db1e6de59c1,2023-11-20 12:37:19,rpgg2.ellibless30,두려운가
458dbb60-26fa-11ee-81d8-7f8ed3c88ec1,2023-11-20 12:36:32,rpgg2.ellibless30,내가두려운가
4a94b6f0-6f24-11ee-b290-7f1df27bfece,2023-11-20 09:32:21,rpgg2.fire.40002,hnhg
4a94b6f0-6f24-11ee-b290-7f1df27bfece,2023-11-20 09:30:09,rpgg2.equip.package2,hnhg
4a94b6f0-6f24-11ee-b290-7f1df27bfece,2023-11-20 09:28:31,rpgg2.equip.package,hnhg
4a94b6f0-6f24-11ee-b290-7f1df27bfece,2023-11-20 08:43:40,rpgg2.fire.255002,hnhg
4a94b6f0-6f24-11ee-b290-7f1df27bfece,2023-11-20 08:41:45,rpgg2.package.content1,hnhg
4a94b6f0-6f24-11ee-b290-7f1df27bfece,2023-11-20 08:38:17,rpgg2.package.content1,hnhg
4a94b6f0-6f24-11ee-b290-7f1df27bfece,2023-11-20 08:36:09,rpgg2.package.11000,hnhg
94edd540-38fd-11ee-bfd8-65f854151908,2023-11-18 13:00:09,rpgg2.package.5500,강인경
94edd540-38fd-11ee-bfd8-65f854151908,2023-11-18 12:54:28,rpgg2.package.1100,강인경
8e71d800-3070-11ee-9d1d-775cce67dfb9,2023-11-18 03:29:26,rpgg2.roulette.08,핑맨
c45215b0-8409-11ee-8ea3-a7499819629d,2023-11-17 21:52:25,rpgg2.class1,꿈의피아노
e3e56f20-322f-11ee-9dbb-1de2f2112a6e,2023-11-17 06:08:08,rpgg2.ellibless30,아르칸
b9cabaa0-7911-11ee-bc7f-f73035ded6de,2023-11-16 20:36:04,rpgg2.equip.package3,힐러
b9cabaa0-7911-11ee-bc7f-f73035ded6de,2023-11-16 19:23:57,rpgg2.ellibless30,힐러
b9cabaa0-7911-11ee-bc7f-f73035ded6de,2023-11-16 16:58:27,rpgg2.package.skill3,힐러
b9cabaa0-7911-11ee-bc7f-f73035ded6de,2023-11-16 15:52:21,rpgg2.fire.950002,힐러
b9cabaa0-7911-11ee-bc7f-f73035ded6de,2023-11-16 15:50:54,rpgg2.smelt.package,힐러
b9cabaa0-7911-11ee-bc7f-f73035ded6de,2023-11-16 15:45:14,rpgg2.equip.packagew12,힐러
dbbc6a80-555a-11ee-a0f3-9375fad0c405,2023-11-16 14:24:06,rpgg2.ellibless30,고독
c45215b0-8409-11ee-8ea3-a7499819629d,2023-11-16 12:13:36,rpgg2.ellibless30,꿈의피아노
45521150-8415-11ee-9ac8-f954b9d95245,2023-11-16 09:52:22,rpgg2.all.package1,se
adb3f4d0-4a5d-11ee-9603-eb37debaba4b,2023-11-16 02:32:59,rpgg2.all.package1,영록이
d6192940-83b0-11ee-ba4c-c352d92ca864,2023-11-15 21:45:07,rpgg2.ads.free,꿈의피아노
2b9ce3c0-4216-11ee-9c6e-59ac4068aa31,2023-11-15 21:27:34,rpgg2.ellibless30,행보관
e3e56f20-322f-11ee-9dbb-1de2f2112a6e,2023-11-15 16:23:45,rpgg2.class5,아르칸
e3e56f20-322f-11ee-9dbb-1de2f2112a6e,2023-11-15 15:26:51,rpgg2.fire.85002,아르칸
b9cabaa0-7911-11ee-bc7f-f73035ded6de,2023-11-15 14:54:41,rpgg2.equip.packagew32,힐러
b9cabaa0-7911-11ee-bc7f-f73035ded6de,2023-11-15 14:52:00,rpgg2.equip.packagew32,힐러
b9cabaa0-7911-11ee-bc7f-f73035ded6de,2023-11-15 14:48:35,rpgg2.package.skill3,힐러
b9cabaa0-7911-11ee-bc7f-f73035ded6de,2023-11-15 14:41:41,rpgg2.equip.package1,힐러
b9cabaa0-7911-11ee-bc7f-f73035ded6de,2023-11-15 14:40:57,rpgg2.equip.package2,힐러
b9cabaa0-7911-11ee-bc7f-f73035ded6de,2023-11-15 10:29:55,rpgg2.package.skill3,힐러
b9cabaa0-7911-11ee-bc7f-f73035ded6de,2023-11-15 10:19:06,rpgg2.all.package2,힐러
b9cabaa0-7911-11ee-bc7f-f73035ded6de,2023-11-15 09:46:52,rpgg2.package.11000,힐러
b9cabaa0-7911-11ee-bc7f-f73035ded6de,2023-11-15 09:46:27,rpgg2.class5,힐러
b138f5c0-2ee6-11ee-a632-b149ab1a0fd4,2023-11-14 23:48:37,rpgg2.ellibless30,병욱이
adb3f4d0-4a5d-11ee-9603-eb37debaba4b,2023-11-14 21:30:10,rpgg2.ellibless15,영록이
f1d263b0-8291-11ee-8506-036d08e8c6a2,2023-11-14 13:18:41,rpgg2.ads.free,루피니
a75eab80-5a10-11ee-8837-e109eafc7aee,2023-11-14 12:56:12,rpgg2.class1,탐
df771bd0-554a-11ee-bcd9-6d87c6c40dc1,2023-11-13 10:05:27,rpgg2.roulette.08,비등
4a94b6f0-6f24-11ee-b290-7f1df27bfece,2023-11-13 09:36:22,rpgg2.ellibless15,hnhg
26d51550-7d18-11ee-b79f-c1de5a45da8e,2023-11-13 08:40:00,rpgg2.package.1100,하나님
dbbc6a80-555a-11ee-a0f3-9375fad0c405,2023-11-12 10:55:48,rpgg2.package.content2,고독
91f83c20-5dc1-11ee-bc60-67aad166c5ca,2023-11-11 02:16:09,rpgg2.ellibless30,무무모
837e32f0-7f93-11ee-b61f-05b2fd852daf,2023-11-10 19:26:02,rpgg2.ellibless30,본토
837e32f0-7f93-11ee-b61f-05b2fd852daf,2023-11-10 19:25:03,rpgg2.class1,본토
837e32f0-7f93-11ee-b61f-05b2fd852daf,2023-11-10 19:24:22,rpgg2.ads.free,본토
b138f5c0-2ee6-11ee-a632-b149ab1a0fd4,2023-11-10 13:45:27,rpgg2.fire.40002,병욱이
934a8650-7d29-11ee-9960-8f2f20d798a0,2023-11-09 16:48:37,rpgg2.class2,GyuDoRY
592c35d0-6f15-11ee-b448-038d7d23ca0a,2023-11-09 15:39:22,rpgg2.package.33000,빌런
df771bd0-554a-11ee-bcd9-6d87c6c40dc1,2023-11-09 12:16:52,rpgg2.roulette.08,비등
4a94b6f0-6f24-11ee-b290-7f1df27bfece,2023-11-09 10:50:59,rpgg2.fire.85002,hnhg
31016a20-5f76-11ee-a298-3b053e32462a,2023-11-09 07:46:07,rpgg2.ellibless30,200btc
9fa61b10-794d-11ee-b352-fda36415cc5f,2023-11-09 02:04:56,rpgg2.class5,군림
9fa61b10-794d-11ee-b352-fda36415cc5f,2023-11-09 01:39:10,rpgg2.package.advan1,군림
47dca3e0-6e08-11ee-b8f4-6770ed35d823,2023-11-08 17:26:07,rpgg2.class4,왕자지호
e7bf23b0-7dda-11ee-839b-8f4d4f5f8da5,2023-11-08 11:10:58,rpgg2.package.1100,깐계란
e7bf23b0-7dda-11ee-839b-8f4d4f5f8da5,2023-11-08 11:10:12,rpgg2.ads.free,깐계란
097bd0d0-7dc6-11ee-b43b-d77d2c10c501,2023-11-08 10:19:31,rpgg2.ads.free,콘트롤즈
4a94b6f0-6f24-11ee-b290-7f1df27bfece,2023-11-08 06:59:01,rpgg2.equip.packagew3,hnhg
df771bd0-554a-11ee-bcd9-6d87c6c40dc1,2023-11-08 01:13:33,rpgg2.roulette.08,비등
981fa1e0-3bea-11ee-8bb4-fbec530c65f4,2023-11-08 00:17:21,rpgg2.fire.95000,개발자
10ac76b0-5540-11ee-a0f3-9375fad0c405,2023-11-07 19:21:01,rpgg2.fire.40002,오오오오
10ac76b0-5540-11ee-a0f3-9375fad0c405,2023-11-07 19:13:36,rpgg2.package.advan1,오오오오
10ac76b0-5540-11ee-a0f3-9375fad0c405,2023-11-07 19:11:04,rpgg2.package.advan1,오오오오
09c477b0-6d61-11ee-8f56-bd06785f259e,2023-11-07 05:46:28,rpgg2.ads.free,소토
981fa1e0-3bea-11ee-8bb4-fbec530c65f4,2023-11-07 02:58:20,rpgg2.roulette.09,개발자
f9c584e0-7caa-11ee-95ab-bda739c6e8d2,2023-11-06 23:12:31,rpgg2.class2,피지컬
f9c584e0-7caa-11ee-95ab-bda739c6e8d2,2023-11-06 23:12:19,rpgg2.class1,피지컬
f9c584e0-7caa-11ee-95ab-bda739c6e8d2,2023-11-06 22:56:38,rpgg2.ads.free,피지컬
b9cabaa0-7911-11ee-bc7f-f73035ded6de,2023-11-06 18:07:03,rpgg2.class4,힐러
b9cabaa0-7911-11ee-bc7f-f73035ded6de,2023-11-06 18:06:09,rpgg2.package.5500,힐러
b9cabaa0-7911-11ee-bc7f-f73035ded6de,2023-11-06 18:02:17,rpgg2.package.1100,힐러
4a94b6f0-6f24-11ee-b290-7f1df27bfece,2023-11-06 18:02:13,rpgg2.equip.packagew3,hnhg
4a94b6f0-6f24-11ee-b290-7f1df27bfece,2023-11-06 18:00:39,rpgg2.equip.packagew3,hnhg
4a94b6f0-6f24-11ee-b290-7f1df27bfece,2023-11-06 17:52:22,rpgg2.equip.packagew32,hnhg
4a94b6f0-6f24-11ee-b290-7f1df27bfece,2023-11-06 17:46:36,rpgg2.roulette.05,hnhg
4a94b6f0-6f24-11ee-b290-7f1df27bfece,2023-11-06 17:27:46,rpgg2.equip.packagew32,hnhg
4a94b6f0-6f24-11ee-b290-7f1df27bfece,2023-11-06 17:20:40,rpgg2.roulette.08,hnhg
4a94b6f0-6f24-11ee-b290-7f1df27bfece,2023-11-06 13:55:08,rpgg2.equip.package3,hnhg
4a94b6f0-6f24-11ee-b290-7f1df27bfece,2023-11-06 13:49:21,rpgg2.roulette.08,hnhg
4a94b6f0-6f24-11ee-b290-7f1df27bfece,2023-11-06 13:43:16,rpgg2.roulette.08,hnhg
4a94b6f0-6f24-11ee-b290-7f1df27bfece,2023-11-06 13:41:12,rpgg2.roulette.08,hnhg
4a94b6f0-6f24-11ee-b290-7f1df27bfece,2023-11-06 13:34:03,rpgg2.roulette.08,hnhg
4a94b6f0-6f24-11ee-b290-7f1df27bfece,2023-11-06 13:33:36,rpgg2.fire.40002,hnhg
4a94b6f0-6f24-11ee-b290-7f1df27bfece,2023-11-06 11:46:14,rpgg2.roulette.08,hnhg
4a94b6f0-6f24-11ee-b290-7f1df27bfece,2023-11-06 11:45:46,rpgg2.roulette.08,hnhg
4a94b6f0-6f24-11ee-b290-7f1df27bfece,2023-11-06 11:38:58,rpgg2.roulette.08,hnhg
4a94b6f0-6f24-11ee-b290-7f1df27bfece,2023-11-06 11:33:23,rpgg2.package.33000,hnhg
4a94b6f0-6f24-11ee-b290-7f1df27bfece,2023-11-06 11:29:27,rpgg2.fire.85002,hnhg
4a94b6f0-6f24-11ee-b290-7f1df27bfece,2023-11-06 11:19:10,rpgg2.roulette.08,hnhg
4a94b6f0-6f24-11ee-b290-7f1df27bfece,2023-11-06 11:14:22,rpgg2.package.advan1,hnhg
4a94b6f0-6f24-11ee-b290-7f1df27bfece,2023-11-06 11:14:10,rpgg2.package.advan1,hnhg
4a94b6f0-6f24-11ee-b290-7f1df27bfece,2023-11-06 11:12:20,rpgg2.roulette.08,hnhg
4a94b6f0-6f24-11ee-b290-7f1df27bfece,2023-11-06 11:06:16,rpgg2.roulette.08,hnhg
4a94b6f0-6f24-11ee-b290-7f1df27bfece,2023-11-06 11:02:11,rpgg2.roulette.08,hnhg
4a94b6f0-6f24-11ee-b290-7f1df27bfece,2023-11-06 11:00:14,rpgg2.consume.raid1,hnhg
4a94b6f0-6f24-11ee-b290-7f1df27bfece,2023-11-06 10:57:49,rpgg2.package.etc1,hnhg
4a94b6f0-6f24-11ee-b290-7f1df27bfece,2023-11-06 10:54:23,rpgg2.roulette.08,hnhg
4a94b6f0-6f24-11ee-b290-7f1df27bfece,2023-11-06 10:51:31,rpgg2.roulette.07,hnhg
4a94b6f0-6f24-11ee-b290-7f1df27bfece,2023-11-06 10:50:20,rpgg2.roulette.07,hnhg
4a94b6f0-6f24-11ee-b290-7f1df27bfece,2023-11-06 10:48:47,rpgg2.package.advan1,hnhg
4a94b6f0-6f24-11ee-b290-7f1df27bfece,2023-11-06 10:29:10,rpgg2.package.content1,hnhg
4a94b6f0-6f24-11ee-b290-7f1df27bfece,2023-11-06 10:28:54,rpgg2.package.content2,hnhg
592c35d0-6f15-11ee-b448-038d7d23ca0a,2023-11-06 10:27:28,rpgg2.package.etc1,빌런
4a94b6f0-6f24-11ee-b290-7f1df27bfece,2023-11-06 10:23:33,rpgg2.package.content2,hnhg
4a94b6f0-6f24-11ee-b290-7f1df27bfece,2023-11-06 10:21:49,rpgg2.package.content1,hnhg
540555d0-5ec8-11ee-8b80-4b9d25fd874c,2023-11-06 09:32:31,rpgg2.ellibless30,뚜루룽땡이
e3e56f20-322f-11ee-9dbb-1de2f2112a6e,2023-11-06 08:46:46,rpgg2.fire.950002,아르칸
592c35d0-6f15-11ee-b448-038d7d23ca0a,2023-11-06 08:42:25,rpgg2.class5,빌런
e3e56f20-322f-11ee-9dbb-1de2f2112a6e,2023-11-06 08:40:30,rpgg2.fire.255002,아르칸
e3e56f20-322f-11ee-9dbb-1de2f2112a6e,2023-11-06 08:30:49,rpgg2.fire.450002,아르칸
e3e56f20-322f-11ee-9dbb-1de2f2112a6e,2023-11-06 08:11:24,rpgg2.package.advan1,아르칸
e3e56f20-322f-11ee-9dbb-1de2f2112a6e,2023-11-06 08:11:09,rpgg2.package.advan1,아르칸
97e7ae00-6de7-11ee-97a8-d7a21a1bd660,2023-11-06 02:49:57,rpgg2.package.etc1,빼꼼흑곰
1b63db00-65e1-11ee-afe8-6f53e857665a,2023-11-05 23:53:41,rpgg2.class3,끄
a8eacfd0-0126-11ee-a8fa-bde77cf909ee,2023-11-05 14:02:21,rpgg2.equip.packagew32,딸기맛사이다
10ac76b0-5540-11ee-a0f3-9375fad0c405,2023-11-05 10:54:24,rpgg2.package.etc1,오오오오
10ac76b0-5540-11ee-a0f3-9375fad0c405,2023-11-05 07:18:21,rpgg2.package.content2,오오오오
10ac76b0-5540-11ee-a0f3-9375fad0c405,2023-11-05 07:04:55,rpgg2.package.content1,오오오오
6fc68b40-7b10-11ee-9e77-ebca57e5cc66,2023-11-04 23:36:26,rpgg2.ads.free,UK
4a94b6f0-6f24-11ee-b290-7f1df27bfece,2023-11-04 21:31:01,rpgg2.package.content1,hnhg
9fa61b10-794d-11ee-b352-fda36415cc5f,2023-11-04 15:21:30,rpgg2.class3,군림
9fa61b10-794d-11ee-b352-fda36415cc5f,2023-11-04 15:21:18,rpgg2.class4,군림
70c4c770-2708-11ee-a4a8-bb87d3382c11,2023-11-04 14:52:55,rpgg2.roulette.09,clover2
70c4c770-2708-11ee-a4a8-bb87d3382c11,2023-11-04 14:17:08,rpgg2.roulette.09,clover2
d6597060-6ab3-11ee-95db-2bf148ed7c0d,2023-11-04 14:14:14,rpgg2.ads.free,리콜
a7ee91e0-3752-11ee-affb-d3f9e8379793,2023-11-04 14:09:03,rpgg2.fire.450002,또호신
a7ee91e0-3752-11ee-affb-d3f9e8379793,2023-11-04 13:58:41,rpgg2.fire.40002,또호신
a7ee91e0-3752-11ee-affb-d3f9e8379793,2023-11-04 13:58:20,rpgg2.fire.85002,또호신
1b63db00-65e1-11ee-afe8-6f53e857665a,2023-11-04 13:07:12,rpgg2.roulette.09,끄
1b63db00-65e1-11ee-afe8-6f53e857665a,2023-11-04 13:01:38,rpgg2.roulette.09,끄
8b3dd6f0-797e-11ee-85ba-9f4fd3144d17,2023-11-04 12:28:53,rpgg2.ads.free,사도바울
a7ee91e0-3752-11ee-affb-d3f9e8379793,2023-11-04 11:45:09,rpgg2.fire.255002,또호신
9fa61b10-794d-11ee-b352-fda36415cc5f,2023-11-04 11:32:25,rpgg2.package.content2,군림
dbbc6a80-555a-11ee-a0f3-9375fad0c405,2023-11-04 10:07:08,rpgg2.roulette.07,고독
dbbc6a80-555a-11ee-a0f3-9375fad0c405,2023-11-04 10:02:29,rpgg2.package.content2,고독
dbbc6a80-555a-11ee-a0f3-9375fad0c405,2023-11-04 09:47:53,rpgg2.consume.raid1,고독
dbbc6a80-555a-11ee-a0f3-9375fad0c405,2023-11-04 09:41:45,rpgg2.package.content1,고독
10ac76b0-5540-11ee-a0f3-9375fad0c405,2023-11-04 09:05:12,rpgg2.package.advan1,오오오오
10ac76b0-5540-11ee-a0f3-9375fad0c405,2023-11-03 23:05:46,rpgg2.roulette.08,오오오오
a6136d10-6082-11ee-bc44-b55ed0d9e095,2023-11-03 19:33:42,rpgg2.ellibless30,하그
9fa61b10-794d-11ee-b352-fda36415cc5f,2023-11-03 10:31:28,rpgg2.package.skill2,군림
97e7ae00-6de7-11ee-97a8-d7a21a1bd660,2023-11-03 04:58:42,rpgg2.equip.package3,빼꼼흑곰
e3e56f20-322f-11ee-9dbb-1de2f2112a6e,2023-11-03 04:01:53,rpgg2.roulette.08,아르칸
973be820-4a0d-11ee-8d60-8141271a0751,2023-11-03 01:36:03,rpgg2.roulette.09,awda
10ac76b0-5540-11ee-a0f3-9375fad0c405,2023-11-02 22:52:39,rpgg2.package.advan1,오오오오
10ac76b0-5540-11ee-a0f3-9375fad0c405,2023-11-02 22:48:39,rpgg2.consume.raid2,오오오오
10ac76b0-5540-11ee-a0f3-9375fad0c405,2023-11-02 22:44:52,rpgg2.roulette.08,오오오오
e614dc90-32cf-11ee-ad0a-6b7333262542,2023-11-02 20:19:30,rpgg2.roulette.01,투혼
e614dc90-32cf-11ee-ad0a-6b7333262542,2023-11-02 20:19:13,rpgg2.roulette.07,투혼
70c4c770-2708-11ee-a4a8-bb87d3382c11,2023-11-02 19:07:36,rpgg2.roulette.09,clover2
ff4ddf10-6ce8-11ee-8a8c-1920034fc30e,2023-11-02 19:03:01,rpgg2.class4,심플
9fa61b10-794d-11ee-b352-fda36415cc5f,2023-11-02 18:05:40,rpgg2.ellibless30,군림
9fa61b10-794d-11ee-b352-fda36415cc5f,2023-11-02 18:05:11,rpgg2.ads.free,군림
b9cabaa0-7911-11ee-bc7f-f73035ded6de,2023-11-02 16:29:11,rpgg2.dungeonenter10,힐러
b9cabaa0-7911-11ee-bc7f-f73035ded6de,2023-11-02 16:08:14,rpgg2.ads.free,힐러
31016a20-5f76-11ee-a298-3b053e32462a,2023-11-02 10:41:54,rpgg2.fire.255002,200btc
31016a20-5f76-11ee-a298-3b053e32462a,2023-11-02 10:28:45,rpgg2.fire.950002,200btc
973be820-4a0d-11ee-8d60-8141271a0751,2023-11-02 09:25:31,rpgg2.roulette.09,awda
9f2af5e0-78c4-11ee-9d6c-85832fe11aff,2023-11-02 07:05:08,rpgg2.ellibless30,투쟁
9f2af5e0-78c4-11ee-9d6c-85832fe11aff,2023-11-02 00:18:27,rpgg2.ads.free,투쟁
ff4ddf10-6ce8-11ee-8a8c-1920034fc30e,2023-11-01 23:37:17,rpgg2.ellibless30,심플
ff4ddf10-6ce8-11ee-8a8c-1920034fc30e,2023-11-01 23:36:46,rpgg2.ads.free,심플
973be820-4a0d-11ee-8d60-8141271a0751,2023-11-01 23:24:35,rpgg2.roulette.05,awda
973be820-4a0d-11ee-8d60-8141271a0751,2023-11-01 23:18:49,rpgg2.roulette.09,awda
973be820-4a0d-11ee-8d60-8141271a0751,2023-11-01 22:54:01,rpgg2.roulette.08,awda
592c35d0-6f15-11ee-b448-038d7d23ca0a,2023-11-01 22:33:36,rpgg2.package.content1,빌런
592c35d0-6f15-11ee-b448-038d7d23ca0a,2023-11-01 22:33:06,rpgg2.ellibless30,빌런
10ac76b0-5540-11ee-a0f3-9375fad0c405,2023-11-01 20:24:01,rpgg2.ellibless30,오오오오
973be820-4a0d-11ee-8d60-8141271a0751,2023-11-01 13:19:25,rpgg2.roulette.09,awda
0f6bd220-6ee3-11ee-8553-ff2c078ee78f,2023-11-01 12:25:54,rpgg2.package.advan1,치
10ac76b0-5540-11ee-a0f3-9375fad0c405,2023-11-01 12:01:26,rpgg2.package.advan1,오오오오
10ac76b0-5540-11ee-a0f3-9375fad0c405,2023-11-01 10:56:25,rpgg2.equip.packagew32,오오오오
0f6bd220-6ee3-11ee-8553-ff2c078ee78f,2023-11-01 07:22:13,rpgg2.ellibless30,치
cafe5f20-77b8-11ee-9f88-99718ec5a74e,2023-11-01 06:55:24,rpgg2.roulette.09,fdffe
cafe5f20-77b8-11ee-9f88-99718ec5a74e,2023-11-01 06:21:51,rpgg2.roulette.08,fdffe
87b91820-782d-11ee-8ac7-4f0c68eaa12e,2023-11-01 05:50:58,rpgg2.ads.free,마므메
981fa1e0-3bea-11ee-8bb4-fbec530c65f4,2023-11-01 04:21:43,rpgg2.roulette.09,개발자
981fa1e0-3bea-11ee-8bb4-fbec530c65f4,2023-11-01 04:19:08,rpgg2.roulette.09,개발자
981fa1e0-3bea-11ee-8bb4-fbec530c65f4,2023-11-01 04:17:34,rpgg2.roulette.08,개발자
0f6bd220-6ee3-11ee-8553-ff2c078ee78f,2023-11-01 02:13:06,rpgg2.all.package2,치
0f6bd220-6ee3-11ee-8553-ff2c078ee78f,2023-11-01 02:07:00,rpgg2.equip.package3,치
0f6bd220-6ee3-11ee-8553-ff2c078ee78f,2023-11-01 01:13:21,rpgg2.package.5500,치
1f07f120-5438-11ee-8982-5db1e6de59c1,2023-11-01 01:07:30,rpgg2.fire.950002,두려운가
1f07f120-5438-11ee-8982-5db1e6de59c1,2023-11-01 01:05:50,rpgg2.equip.package3,두려운가
1f07f120-5438-11ee-8982-5db1e6de59c1,2023-11-01 01:04:29,rpgg2.equip.packagew32,두려운가
be244e00-7622-11ee-a719-f54db761d55e,2023-10-31 23:26:57,rpgg2.package.etc1,배불리
40a1f070-48b1-11ee-a308-5f1b55b166ae,2023-10-31 22:09:16,rpgg2.package.advan1,초밥덮밥
a7ee91e0-3752-11ee-affb-d3f9e8379793,2023-10-31 19:23:37,rpgg2.equip.packagew32,또호신
a7ee91e0-3752-11ee-affb-d3f9e8379793,2023-10-31 19:20:18,rpgg2.equip.package3,또호신
cafe5f20-77b8-11ee-9f88-99718ec5a74e,2023-10-31 17:43:38,rpgg2.roulette.08,fdffe
cafe5f20-77b8-11ee-9f88-99718ec5a74e,2023-10-31 15:53:44,rpgg2.roulette.01,fdffe
cafe5f20-77b8-11ee-9f88-99718ec5a74e,2023-10-31 15:53:42,rpgg2.roulette.02,fdffe
cafe5f20-77b8-11ee-9f88-99718ec5a74e,2023-10-31 15:53:36,rpgg2.roulette.03,fdffe
cafe5f20-77b8-11ee-9f88-99718ec5a74e,2023-10-31 15:53:34,rpgg2.roulette.04,fdffe
cafe5f20-77b8-11ee-9f88-99718ec5a74e,2023-10-31 15:53:32,rpgg2.roulette.05,fdffe
cafe5f20-77b8-11ee-9f88-99718ec5a74e,2023-10-31 15:53:29,rpgg2.roulette.07,fdffe
cafe5f20-77b8-11ee-9f88-99718ec5a74e,2023-10-31 15:53:26,rpgg2.roulette.08,fdffe
cafe5f20-77b8-11ee-9f88-99718ec5a74e,2023-10-31 15:53:24,rpgg2.roulette.06,fdffe
cafe5f20-77b8-11ee-9f88-99718ec5a74e,2023-10-31 15:53:22,rpgg2.roulette.09,fdffe
c90c0dd0-74bf-11ee-988d-91465a9c8eef,2023-10-31 15:38:11,rpgg2.roulette.06,sfesefsef
c90c0dd0-74bf-11ee-988d-91465a9c8eef,2023-10-31 15:38:08,rpgg2.roulette.05,sfesefsef
c90c0dd0-74bf-11ee-988d-91465a9c8eef,2023-10-31 15:38:06,rpgg2.roulette.08,sfesefsef
c90c0dd0-74bf-11ee-988d-91465a9c8eef,2023-10-31 15:38:02,rpgg2.roulette.07,sfesefsef
c90c0dd0-74bf-11ee-988d-91465a9c8eef,2023-10-31 15:38:00,rpgg2.roulette.09,sfesefsef
3cf5dd30-76b8-11ee-ae62-7b2ea5b4d0a9,2023-10-31 13:39:07,rpgg2.package.33000,괘새
3cf5dd30-76b8-11ee-ae62-7b2ea5b4d0a9,2023-10-31 13:38:52,rpgg2.package.11000,괘새
3cf5dd30-76b8-11ee-ae62-7b2ea5b4d0a9,2023-10-31 09:22:57,rpgg2.package.5500,괘새
3cf5dd30-76b8-11ee-ae62-7b2ea5b4d0a9,2023-10-31 09:22:40,rpgg2.package.1100,괘새
a6136d10-6082-11ee-bc44-b55ed0d9e095,2023-10-31 00:25:14,rpgg2.package.advan1,하그
a6136d10-6082-11ee-bc44-b55ed0d9e095,2023-10-31 00:23:17,rpgg2.package.advan1,하그
4a94b6f0-6f24-11ee-b290-7f1df27bfece,2023-10-30 18:14:02,rpgg2.equip.packagew3,hnhg
4a94b6f0-6f24-11ee-b290-7f1df27bfece,2023-10-30 18:03:22,rpgg2.equip.package2,hnhg
be244e00-7622-11ee-a719-f54db761d55e,2023-10-30 16:25:36,rpgg2.package.1100,배불리
3cf5dd30-76b8-11ee-ae62-7b2ea5b4d0a9,2023-10-30 13:23:56,rpgg2.ellibless15,괘새
3cf5dd30-76b8-11ee-ae62-7b2ea5b4d0a9,2023-10-30 13:22:07,rpgg2.ads.free,괘새
4a94b6f0-6f24-11ee-b290-7f1df27bfece,2023-10-30 11:12:33,rpgg2.equip.packagew3,hnhg
4a94b6f0-6f24-11ee-b290-7f1df27bfece,2023-10-30 11:02:43,rpgg2.equip.packagew32,hnhg
4a94b6f0-6f24-11ee-b290-7f1df27bfece,2023-10-30 10:53:26,rpgg2.equip.packagew32,hnhg
4a94b6f0-6f24-11ee-b290-7f1df27bfece,2023-10-30 10:50:26,rpgg2.equip.packagew3,hnhg
4a94b6f0-6f24-11ee-b290-7f1df27bfece,2023-10-30 10:44:42,rpgg2.package.advan1,hnhg
1b63db00-65e1-11ee-afe8-6f53e857665a,2023-10-30 10:06:15,rpgg2.equip.packagew32,끄
1f07f120-5438-11ee-8982-5db1e6de59c1,2023-10-29 17:25:02,rpgg2.package.advan1,두려운가
1f07f120-5438-11ee-8982-5db1e6de59c1,2023-10-29 17:16:41,rpgg2.package.advan1,두려운가
31016a20-5f76-11ee-a298-3b053e32462a,2023-10-29 11:03:48,rpgg2.fire.450002,200btc
b138f5c0-2ee6-11ee-a632-b149ab1a0fd4,2023-10-29 10:59:23,rpgg2.fire.450002,병욱이
dbbc6a80-555a-11ee-a0f3-9375fad0c405,2023-10-29 10:22:28,rpgg2.package.etc1,고독
4a94b6f0-6f24-11ee-b290-7f1df27bfece,2023-10-29 10:21:56,rpgg2.package.advan1,hnhg
a7ee91e0-3752-11ee-affb-d3f9e8379793,2023-10-29 07:46:10,rpgg2.equip.packagew32,또호신
85592490-75bb-11ee-a92e-bfd086c1c4d7,2023-10-29 04:03:49,rpgg2.class1,왕땁
0f6bd220-6ee3-11ee-8553-ff2c078ee78f,2023-10-29 00:18:10,rpgg2.package.1100,치
e3e56f20-322f-11ee-9dbb-1de2f2112a6e,2023-10-28 14:31:37,rpgg2.equip.packagew3,아르칸
e3e56f20-322f-11ee-9dbb-1de2f2112a6e,2023-10-28 14:31:23,rpgg2.equip.packagew3,아르칸
e3e56f20-322f-11ee-9dbb-1de2f2112a6e,2023-10-28 14:28:07,rpgg2.equip.packagew3,아르칸
e3e56f20-322f-11ee-9dbb-1de2f2112a6e,2023-10-28 13:59:07,rpgg2.equip.packagew3,아르칸
e3e56f20-322f-11ee-9dbb-1de2f2112a6e,2023-10-28 13:53:00,rpgg2.fire.450002,아르칸
e3e56f20-322f-11ee-9dbb-1de2f2112a6e,2023-10-28 13:48:00,rpgg2.fire.255002,아르칸
e3e56f20-322f-11ee-9dbb-1de2f2112a6e,2023-10-28 13:41:42,rpgg2.equip.packagew32,아르칸
e3e56f20-322f-11ee-9dbb-1de2f2112a6e,2023-10-28 13:39:27,rpgg2.package.advan1,아르칸
e3e56f20-322f-11ee-9dbb-1de2f2112a6e,2023-10-28 13:37:15,rpgg2.package.advan1,아르칸
1c2889e0-732f-11ee-a88d-511cab4a6307,2023-10-28 10:12:25,rpgg2.dungeonenter200,히히히
a7ee91e0-3752-11ee-affb-d3f9e8379793,2023-10-28 05:57:16,rpgg2.equip.package3,또호신
df771bd0-554a-11ee-bcd9-6d87c6c40dc1,2023-10-28 01:52:03,rpgg2.ellibless30,비등
4a94b6f0-6f24-11ee-b290-7f1df27bfece,2023-10-28 00:58:28,rpgg2.package.etc1,hnhg
646b4b00-3989-11ee-9a5b-6faac0aa5ebe,2023-10-28 00:33:40,rpgg2.fire.40002,TrickSter
646b4b00-3989-11ee-9a5b-6faac0aa5ebe,2023-10-28 00:33:26,rpgg2.fire.40002,TrickSter
e3e56f20-322f-11ee-9dbb-1de2f2112a6e,2023-10-28 00:27:28,rpgg2.equip.packagew32,아르칸
646b4b00-3989-11ee-9a5b-6faac0aa5ebe,2023-10-28 00:22:16,rpgg2.fire.450002,TrickSter
7429fa40-54a1-11ee-8aa9-4b687c3bf273,2023-10-28 00:18:24,rpgg2.fire.255002,제니사랑
a6136d10-6082-11ee-bc44-b55ed0d9e095,2023-10-27 23:34:27,rpgg2.package.advan1,하그
a6136d10-6082-11ee-bc44-b55ed0d9e095,2023-10-27 23:30:54,rpgg2.package.advan1,하그
b138f5c0-2ee6-11ee-a632-b149ab1a0fd4,2023-10-27 23:11:53,rpgg2.fire.85002,병욱이
8e71d800-3070-11ee-9d1d-775cce67dfb9,2023-10-27 04:35:41,rpgg2.fire.255002,핑맨
4a94b6f0-6f24-11ee-b290-7f1df27bfece,2023-10-27 01:46:46,rpgg2.equip.package,hnhg
592c35d0-6f15-11ee-b448-038d7d23ca0a,2023-10-26 20:14:27,rpgg2.package.skill2,빌런
973be820-4a0d-11ee-8d60-8141271a0751,2023-10-26 19:39:08,rpgg2.fire.25500,awda
4a94b6f0-6f24-11ee-b290-7f1df27bfece,2023-10-26 19:36:23,rpgg2.package.etc1,hnhg
e614dc90-32cf-11ee-ad0a-6b7333262542,2023-10-26 02:39:43,rpgg2.package.etc1,투혼
db9f86e0-5af0-11ee-a1ef-eb8ad4e4df70,2023-10-26 01:42:29,rpgg2.package.content1,집사
5bbe7de0-7351-11ee-8c86-dd23d92056fd,2023-10-26 01:36:31,rpgg2.ads.free,꾸꾸
57361f60-3a55-11ee-8163-3fc64f275aa4,2023-10-26 01:06:23,rpgg2.ads.free,SaGA
57361f60-3a55-11ee-8163-3fc64f275aa4,2023-10-26 01:05:46,rpgg2.class4,SaGA
a6136d10-6082-11ee-bc44-b55ed0d9e095,2023-10-26 00:51:08,rpgg2.package.content2,하그
e505da40-4cbd-11ee-887e-c91dc07ea634,2023-10-25 15:19:21,rpgg2.fire.40002,Howwq
4a94b6f0-6f24-11ee-b290-7f1df27bfece,2023-10-25 11:41:56,rpgg2.package.content1,hnhg
4a94b6f0-6f24-11ee-b290-7f1df27bfece,2023-10-25 11:41:37,rpgg2.package.etc1,hnhg
4a94b6f0-6f24-11ee-b290-7f1df27bfece,2023-10-25 11:40:26,rpgg2.package.etc1,hnhg
4a94b6f0-6f24-11ee-b290-7f1df27bfece,2023-10-25 11:24:17,rpgg2.package.etc1,hnhg
4a94b6f0-6f24-11ee-b290-7f1df27bfece,2023-10-25 11:23:13,rpgg2.package.etc1,hnhg
4a94b6f0-6f24-11ee-b290-7f1df27bfece,2023-10-25 11:21:11,rpgg2.package.content1,hnhg
a7ee91e0-3752-11ee-affb-d3f9e8379793,2023-10-25 10:12:27,rpgg2.equip.packagew32,또호신
4a94b6f0-6f24-11ee-b290-7f1df27bfece,2023-10-24 21:07:09,rpgg2.equip.packagew32,hnhg
4a94b6f0-6f24-11ee-b290-7f1df27bfece,2023-10-24 21:05:07,rpgg2.equip.packagew3,hnhg
4a94b6f0-6f24-11ee-b290-7f1df27bfece,2023-10-24 21:00:53,rpgg2.equip.packagew3,hnhg
4a94b6f0-6f24-11ee-b290-7f1df27bfece,2023-10-24 20:57:54,rpgg2.equip.packagew3,hnhg
4b3a63a0-2624-11ee-b75f-69123f4d89bb,2023-10-24 15:24:52,rpgg2.ellibless30,몰리딩
dbbc6a80-555a-11ee-a0f3-9375fad0c405,2023-10-24 12:52:28,rpgg2.package.content1,고독
4a94b6f0-6f24-11ee-b290-7f1df27bfece,2023-10-24 06:53:53,rpgg2.package.11000,hnhg
4a94b6f0-6f24-11ee-b290-7f1df27bfece,2023-10-23 15:08:37,rpgg2.equip.packagew3,hnhg
4a94b6f0-6f24-11ee-b290-7f1df27bfece,2023-10-23 14:56:45,rpgg2.equip.packagew3,hnhg
4a94b6f0-6f24-11ee-b290-7f1df27bfece,2023-10-23 14:45:15,rpgg2.equip.package3,hnhg
4a94b6f0-6f24-11ee-b290-7f1df27bfece,2023-10-23 14:07:51,rpgg2.package.33000,hnhg
23a7be50-417c-11ee-a2ef-798fa3e9192b,2023-10-23 01:32:52,rpgg2.package.1100,황정승의검정소
23a7be50-417c-11ee-a2ef-798fa3e9192b,2023-10-23 01:32:38,rpgg2.package.5500,황정승의검정소
a9375850-70a7-11ee-a24f-e3e902b3a5ed,2023-10-22 22:23:57,rpgg2.ads.free,화자사
f3110520-0685-11ee-9d6c-63e0cbc9496a,2023-10-22 19:28:56,rpgg2.dungeonenter200,렌
f3110520-0685-11ee-9d6c-63e0cbc9496a,2023-10-22 17:53:46,rpgg2.package.etc1,렌
a7ee91e0-3752-11ee-affb-d3f9e8379793,2023-10-22 17:46:56,rpgg2.ellibless30,또호신
f3110520-0685-11ee-9d6c-63e0cbc9496a,2023-10-22 17:45:35,rpgg2.ellibless15,렌
167dc400-70b0-11ee-a094-af63915d032e,2023-10-22 17:28:05,rpgg2.all.package1,규리
78bf5240-706b-11ee-b9bc-8333d723f249,2023-10-22 16:08:25,rpgg2.ads.free,김재야
10ac76b0-5540-11ee-a0f3-9375fad0c405,2023-10-22 15:12:32,rpgg2.fire.450002,오오오오
10ac76b0-5540-11ee-a0f3-9375fad0c405,2023-10-22 12:58:33,rpgg2.fire.450002,오오오오
4a94b6f0-6f24-11ee-b290-7f1df27bfece,2023-10-22 11:12:25,rpgg2.class3,hnhg
27a109c0-35fc-11ee-803e-cb5813066c1d,2023-10-22 09:37:15,rpgg2.ellibless30,분냄새님
e614dc90-32cf-11ee-ad0a-6b7333262542,2023-10-22 00:36:56,rpgg2.package.content1,투혼
540555d0-5ec8-11ee-8b80-4b9d25fd874c,2023-10-21 22:40:22,rpgg2.package.content1,뚜루룽땡이
540555d0-5ec8-11ee-8b80-4b9d25fd874c,2023-10-21 22:30:14,rpgg2.package.content1,뚜루룽땡이
4a94b6f0-6f24-11ee-b290-7f1df27bfece,2023-10-21 14:25:40,rpgg2.package.1100,hnhg
4a94b6f0-6f24-11ee-b290-7f1df27bfece,2023-10-21 14:12:49,rpgg2.class1,hnhg
4a94b6f0-6f24-11ee-b290-7f1df27bfece,2023-10-21 14:11:40,rpgg2.package.5500,hnhg
49163930-6f64-11ee-9965-87003e90186f,2023-10-21 13:13:19,rpgg2.ads.free,쿠로사키이치고
49163930-6f64-11ee-9965-87003e90186f,2023-10-21 13:13:03,rpgg2.ellibless30,쿠로사키이치고
116e7090-482e-11ee-88cc-2d76add320f5,2023-10-21 08:47:14,rpgg2.equip.package3,동실통실
25fd2c10-6744-11ee-bbbf-95761457e1a7,2023-10-21 00:55:37,rpgg2.ads.free,개발
97e7ae00-6de7-11ee-97a8-d7a21a1bd660,2023-10-21 00:41:54,rpgg2.ads.free,빼꼼흑곰
5a26c900-6f42-11ee-9c3d-fbe82c57988f,2023-10-21 00:25:43,rpgg2.package.1100,촉매
6eab4ff0-6e1a-11ee-aca8-672e10ebadce,2023-10-21 00:01:13,rpgg2.ads.free,선무진
592c35d0-6f15-11ee-b448-038d7d23ca0a,2023-10-20 23:41:42,rpgg2.package.11000,빌런
592c35d0-6f15-11ee-b448-038d7d23ca0a,2023-10-20 23:41:28,rpgg2.package.5500,빌런
592c35d0-6f15-11ee-b448-038d7d23ca0a,2023-10-20 23:41:15,rpgg2.package.1100,빌런
592c35d0-6f15-11ee-b448-038d7d23ca0a,2023-10-20 23:41:00,rpgg2.ellibless30,빌런
e614dc90-32cf-11ee-ad0a-6b7333262542,2023-10-20 23:36:51,rpgg2.package.etc1,투혼
e614dc90-32cf-11ee-ad0a-6b7333262542,2023-10-20 23:33:29,rpgg2.package.content1,투혼
7465e9c0-6e27-11ee-b448-038d7d23ca0a,2023-10-20 22:14:53,rpgg2.equip.packagew32,쩐도
592c35d0-6f15-11ee-b448-038d7d23ca0a,2023-10-20 22:12:09,rpgg2.all.package2,빌런
592c35d0-6f15-11ee-b448-038d7d23ca0a,2023-10-20 21:53:35,rpgg2.all.package1,빌런
05815d30-3b84-11ee-8002-318e204d26c9,2023-10-20 21:40:29,rpgg2.ads.free,망구랑
592c35d0-6f15-11ee-b448-038d7d23ca0a,2023-10-20 21:36:45,rpgg2.class2,빌런
592c35d0-6f15-11ee-b448-038d7d23ca0a,2023-10-20 21:36:30,rpgg2.class1,빌런
cd30cad0-6f39-11ee-8553-ff2c078ee78f,2023-10-20 20:36:41,rpgg2.package.1100,부히
cd30cad0-6f39-11ee-8553-ff2c078ee78f,2023-10-20 20:36:25,rpgg2.ads.free,부히
5b4c9610-6f1b-11ee-80f6-03e84fb27b97,2023-10-20 16:55:55,rpgg2.class2,꾼
5b4c9610-6f1b-11ee-80f6-03e84fb27b97,2023-10-20 16:55:20,rpgg2.ads.free,꾼
5b4c9610-6f1b-11ee-80f6-03e84fb27b97,2023-10-20 16:54:44,rpgg2.class1,꾼
97e7ae00-6de7-11ee-97a8-d7a21a1bd660,2023-10-20 16:53:54,rpgg2.ellibless30,빼꼼흑곰
b04786f0-5811-11ee-8b24-1d560feb0f44,2023-10-20 16:41:46,rpgg2.ads.free,니아
592c35d0-6f15-11ee-b448-038d7d23ca0a,2023-10-20 16:11:20,rpgg2.ads.free,빌런
52b61610-6e09-11ee-97a8-d7a21a1bd660,2023-10-20 15:23:58,rpgg2.ellibless30,ccg2
52b61610-6e09-11ee-97a8-d7a21a1bd660,2023-10-20 15:23:38,rpgg2.ads.free,ccg2
0f6bd220-6ee3-11ee-8553-ff2c078ee78f,2023-10-20 10:39:20,rpgg2.ads.free,치
2f9e90a0-6ede-11ee-b8f4-6770ed35d823,2023-10-20 09:23:27,rpgg2.ads.free,뚜힝이
6f531ef0-6de9-11ee-8553-ff2c078ee78f,2023-10-20 09:18:22,rpgg2.ellibless30,핏빛바다
2c9b83e0-6e5c-11ee-8c6d-eff748a11403,2023-10-20 09:16:35,rpgg2.class5,zero0
2c9b83e0-6e5c-11ee-8c6d-eff748a11403,2023-10-20 09:04:23,rpgg2.altar.package2,zero0
2c9b83e0-6e5c-11ee-8c6d-eff748a11403,2023-10-20 08:52:01,rpgg2.equip.packagew32,zero0
2c9b83e0-6e5c-11ee-8c6d-eff748a11403,2023-10-20 08:00:21,rpgg2.package.etc1,zero0
2c9b83e0-6e5c-11ee-8c6d-eff748a11403,2023-10-20 06:40:47,rpgg2.class1,zero0
2c9b83e0-6e5c-11ee-8c6d-eff748a11403,2023-10-20 06:40:37,rpgg2.class4,zero0
e3e56f20-322f-11ee-9dbb-1de2f2112a6e,2023-10-20 05:34:15,rpgg2.package.etc1,아르칸
e3e56f20-322f-11ee-9dbb-1de2f2112a6e,2023-10-20 05:34:02,rpgg2.package.content2,아르칸
2c9b83e0-6e5c-11ee-8c6d-eff748a11403,2023-10-20 05:25:53,rpgg2.all.package1,zero0
e3e56f20-322f-11ee-9dbb-1de2f2112a6e,2023-10-20 05:21:00,rpgg2.equip.packagew3,아르칸
d507e5d0-6eb3-11ee-8553-ff2c078ee78f,2023-10-20 05:19:29,rpgg2.ellibless30,버그베어
2c9b83e0-6e5c-11ee-8c6d-eff748a11403,2023-10-20 05:19:15,rpgg2.package.etc1,zero0
2c9b83e0-6e5c-11ee-8c6d-eff748a11403,2023-10-20 05:15:58,rpgg2.resource.package1,zero0
2c9b83e0-6e5c-11ee-8c6d-eff748a11403,2023-10-20 05:10:28,rpgg2.dungeonenter200,zero0
2c9b83e0-6e5c-11ee-8c6d-eff748a11403,2023-10-20 05:09:25,rpgg2.dungeonenter10,zero0
2c9b83e0-6e5c-11ee-8c6d-eff748a11403,2023-10-20 05:09:13,rpgg2.dungeonenter10,zero0
2c9b83e0-6e5c-11ee-8c6d-eff748a11403,2023-10-20 04:48:59,rpgg2.equip.packagew32,zero0
6180ae00-6a38-11ee-a738-a17c9207fa2d,2023-10-20 03:11:39,rpgg2.class1,멀찌
a6136d10-6082-11ee-bc44-b55ed0d9e095,2023-10-19 23:47:51,rpgg2.altar.package2,하그
f6d820c0-6e37-11ee-9965-87003e90186f,2023-10-19 23:38:34,rpgg2.ads.free,앗
9bbacf60-6a60-11ee-a410-c12166d729ae,2023-10-19 23:37:10,rpgg2.dungeonenter10,뭉
a6136d10-6082-11ee-bc44-b55ed0d9e095,2023-10-19 23:27:43,rpgg2.altar.package2,하그
526e2fd0-6e86-11ee-8c6d-eff748a11403,2023-10-19 23:03:46,rpgg2.ads.free,브라이어
9bbacf60-6a60-11ee-a410-c12166d729ae,2023-10-19 22:47:22,rpgg2.fire.85002,뭉
90140d10-6e7b-11ee-aca8-672e10ebadce,2023-10-19 22:10:07,rpgg2.ads.free,RpgMT
10ac76b0-5540-11ee-a0f3-9375fad0c405,2023-10-19 21:40:55,rpgg2.fire.255002,오오오오
eeb5c860-6e6f-11ee-b448-038d7d23ca0a,2023-10-19 20:22:32,rpgg2.package.1100,싹이난감자
2c9b83e0-6e5c-11ee-8c6d-eff748a11403,2023-10-19 19:45:44,rpgg2.resource.package1,zero0
2c9b83e0-6e5c-11ee-8c6d-eff748a11403,2023-10-19 19:45:07,rpgg2.dungeonenter10,zero0
2c9b83e0-6e5c-11ee-8c6d-eff748a11403,2023-10-19 19:05:35,rpgg2.dungeonenter10,zero0
2c9b83e0-6e5c-11ee-8c6d-eff748a11403,2023-10-19 17:57:39,rpgg2.ads.free,zero0
2c9b83e0-6e5c-11ee-8c6d-eff748a11403,2023-10-19 17:56:20,rpgg2.ellibless15,zero0
6f531ef0-6de9-11ee-8553-ff2c078ee78f,2023-10-19 17:41:24,rpgg2.ads.free,핏빛바다
700c7b00-6cc4-11ee-84d5-a1c098bffa24,2023-10-19 17:33:42,rpgg2.ellibless30,369
69ab5760-6dbc-11ee-973f-8fe93117a189,2023-10-19 17:10:22,rpgg2.package.1100,별달우리
1b53ff00-6e51-11ee-8c6d-eff748a11403,2023-10-19 16:47:01,rpgg2.ads.free,열두잔나비
e3e56f20-322f-11ee-9dbb-1de2f2112a6e,2023-10-19 07:19:37,rpgg2.equip.packagew32,아르칸
6f531ef0-6de9-11ee-8553-ff2c078ee78f,2023-10-19 04:56:06,rpgg2.class1,핏빛바다
6f531ef0-6de9-11ee-8553-ff2c078ee78f,2023-10-19 04:51:05,rpgg2.class5,핏빛바다
6f531ef0-6de9-11ee-8553-ff2c078ee78f,2023-10-19 04:32:05,rpgg2.class3,핏빛바다
540555d0-5ec8-11ee-8b80-4b9d25fd874c,2023-10-19 01:07:59,rpgg2.ellibless15,뚜루룽땡이
df771bd0-554a-11ee-bcd9-6d87c6c40dc1,2023-10-19 00:52:12,rpgg2.package.etc1,비등
53641380-6dc0-11ee-a989-dbde3007e73a,2023-10-18 23:25:01,rpgg2.ads.free,빙밍
a6136d10-6082-11ee-bc44-b55ed0d9e095,2023-10-18 22:47:26,rpgg2.class2,하그
3af74370-6db7-11ee-90b0-3d82efb78170,2023-10-18 22:33:20,rpgg2.ads.free,아카드
1f07f120-5438-11ee-8982-5db1e6de59c1,2023-10-18 20:03:14,rpgg2.fire.450002,두려운가
1f07f120-5438-11ee-8982-5db1e6de59c1,2023-10-18 20:02:50,rpgg2.fire.950002,두려운가
1f07f120-5438-11ee-8982-5db1e6de59c1,2023-10-18 20:02:26,rpgg2.equip.package3,두려운가
10ac76b0-5540-11ee-a0f3-9375fad0c405,2023-10-18 19:09:03,rpgg2.package.content1,오오오오
646b4b00-3989-11ee-9a5b-6faac0aa5ebe,2023-10-18 16:10:04,rpgg2.fire.255002,TrickSter
646b4b00-3989-11ee-9a5b-6faac0aa5ebe,2023-10-18 16:06:46,rpgg2.fire.85002,TrickSter
a7ee91e0-3752-11ee-affb-d3f9e8379793,2023-10-18 15:53:25,rpgg2.fire.40002,또호신
646b4b00-3989-11ee-9a5b-6faac0aa5ebe,2023-10-18 15:45:31,rpgg2.fire.255002,TrickSter
646b4b00-3989-11ee-9a5b-6faac0aa5ebe,2023-10-18 15:00:57,rpgg2.fire.85002,TrickSter
646b4b00-3989-11ee-9a5b-6faac0aa5ebe,2023-10-18 14:56:55,rpgg2.equip.package3,TrickSter
e3e56f20-322f-11ee-9dbb-1de2f2112a6e,2023-10-18 14:38:16,rpgg2.equip.packagew32,아르칸
31016a20-5f76-11ee-a298-3b053e32462a,2023-10-18 12:45:08,rpgg2.package.content2,200btc
742495b0-6d50-11ee-98d9-69b9c140e662,2023-10-18 10:08:00,rpgg2.ads.free,과
1a4e4200-6c94-11ee-9faf-e7b578545ac4,2023-10-18 01:04:09,rpgg2.class1,띠딴
1a4e4200-6c94-11ee-9faf-e7b578545ac4,2023-10-18 00:54:42,rpgg2.package.1100,띠딴
10ac76b0-5540-11ee-a0f3-9375fad0c405,2023-10-18 00:51:07,rpgg2.package.content1,오오오오
1a4e4200-6c94-11ee-9faf-e7b578545ac4,2023-10-18 00:49:37,rpgg2.package.11000,띠딴
10ac76b0-5540-11ee-a0f3-9375fad0c405,2023-10-18 00:33:38,rpgg2.package.etc1,오오오오
1a4e4200-6c94-11ee-9faf-e7b578545ac4,2023-10-18 00:26:27,rpgg2.package.5500,띠딴
1a4e4200-6c94-11ee-9faf-e7b578545ac4,2023-10-17 23:50:13,rpgg2.ads.free,띠딴
1a4e4200-6c94-11ee-9faf-e7b578545ac4,2023-10-17 23:49:51,rpgg2.ellibless30,띠딴
10ac76b0-5540-11ee-a0f3-9375fad0c405,2023-10-17 22:50:02,rpgg2.fire.950002,오오오오
10ac76b0-5540-11ee-a0f3-9375fad0c405,2023-10-17 22:38:31,rpgg2.package.skill3,오오오오
10ac76b0-5540-11ee-a0f3-9375fad0c405,2023-10-17 22:38:11,rpgg2.package.etc1,오오오오
10ac76b0-5540-11ee-a0f3-9375fad0c405,2023-10-17 22:37:56,rpgg2.package.etc1,오오오오
ff4ddf10-6ce8-11ee-8a8c-1920034fc30e,2023-10-17 21:37:36,rpgg2.ellibless15,심플
e5079b70-6a6b-11ee-b1dd-6d5665ed4f99,2023-10-17 21:05:15,rpgg2.ads.free,아키세프
a6b12a80-6a84-11ee-be18-15a80d48e61e,2023-10-17 19:52:16,rpgg2.class4,은둔
1f07f120-5438-11ee-8982-5db1e6de59c1,2023-10-17 18:29:56,rpgg2.fire.450002,두려운가
1f07f120-5438-11ee-8982-5db1e6de59c1,2023-10-17 18:29:25,rpgg2.fire.255002,두려운가
1f07f120-5438-11ee-8982-5db1e6de59c1,2023-10-17 18:29:03,rpgg2.fire.450002,두려운가
1f07f120-5438-11ee-8982-5db1e6de59c1,2023-10-17 18:28:42,rpgg2.equip.package3,두려운가
10ac76b0-5540-11ee-a0f3-9375fad0c405,2023-10-17 17:43:36,rpgg2.package.etc1,오오오오
10ac76b0-5540-11ee-a0f3-9375fad0c405,2023-10-17 17:40:18,rpgg2.package.etc1,오오오오
38d90990-6c52-11ee-ad18-bb7885cd497e,2023-10-17 15:40:28,rpgg2.ads.free,파리스타람쥐
973be820-4a0d-11ee-8d60-8141271a0751,2023-10-17 13:12:15,rpgg2.package.content1,awda
973be820-4a0d-11ee-8d60-8141271a0751,2023-10-17 13:12:13,rpgg2.package.content1,awda
973be820-4a0d-11ee-8d60-8141271a0751,2023-10-17 13:11:59,rpgg2.package.content2,awda
973be820-4a0d-11ee-8d60-8141271a0751,2023-10-17 13:11:56,rpgg2.package.content2,awda
d83f0d50-6913-11ee-aa09-d1b127e82db4,2023-10-17 12:09:35,rpgg2.dungeonenter200,택이묭
198a3de0-6c14-11ee-b8a6-45d229c8cc66,2023-10-17 11:24:03,rpgg2.class1,모닝누구
1f07f120-5438-11ee-8982-5db1e6de59c1,2023-10-17 06:58:06,rpgg2.fire.950002,두려운가
1f07f120-5438-11ee-8982-5db1e6de59c1,2023-10-17 06:57:47,rpgg2.fire.950002,두려운가
1f07f120-5438-11ee-8982-5db1e6de59c1,2023-10-17 06:56:57,rpgg2.equip.packagew32,두려운가
1f07f120-5438-11ee-8982-5db1e6de59c1,2023-10-17 06:56:43,rpgg2.equip.packagew32,두려운가
4998cea0-5a87-11ee-b16e-7f685609eb57,2023-10-17 06:05:54,rpgg2.ads.free,마스
05815d30-3b84-11ee-8002-318e204d26c9,2023-10-17 00:18:13,rpgg2.class4,망구랑
f7131010-6b88-11ee-8fd8-b184dbdabf7b,2023-10-16 23:49:58,rpgg2.equip.packagew12,이건가
f7131010-6b88-11ee-8fd8-b184dbdabf7b,2023-10-16 23:47:02,rpgg2.resource.package1,이건가
f7131010-6b88-11ee-8fd8-b184dbdabf7b,2023-10-16 23:46:49,rpgg2.dungeonenter10,이건가
f7131010-6b88-11ee-8fd8-b184dbdabf7b,2023-10-16 23:38:48,rpgg2.equip.packagew32,이건가
f7131010-6b88-11ee-8fd8-b184dbdabf7b,2023-10-16 23:36:08,rpgg2.equip.packagew22,이건가
f7131010-6b88-11ee-8fd8-b184dbdabf7b,2023-10-16 23:33:04,rpgg2.dungeonenter10,이건가
f7131010-6b88-11ee-8fd8-b184dbdabf7b,2023-10-16 23:31:28,rpgg2.dungeonenter10,이건가
f7131010-6b88-11ee-8fd8-b184dbdabf7b,2023-10-16 23:31:16,rpgg2.dungeonenter10,이건가
f7131010-6b88-11ee-8fd8-b184dbdabf7b,2023-10-16 23:30:44,rpgg2.resource.package1,이건가
f7131010-6b88-11ee-8fd8-b184dbdabf7b,2023-10-16 23:19:19,rpgg2.resource.package1,이건가
77950d60-6c29-11ee-9faf-e7b578545ac4,2023-10-16 23:18:24,rpgg2.ads.free,쑈
9bbacf60-6a60-11ee-a410-c12166d729ae,2023-10-16 20:42:11,rpgg2.dungeonenter10,뭉
10ac76b0-5540-11ee-a0f3-9375fad0c405,2023-10-16 20:40:02,rpgg2.consume.raid1,오오오오
10ac76b0-5540-11ee-a0f3-9375fad0c405,2023-10-16 20:38:30,rpgg2.package.etc1,오오오오
10ac76b0-5540-11ee-a0f3-9375fad0c405,2023-10-16 20:26:02,rpgg2.fire.85002,오오오오
10ac76b0-5540-11ee-a0f3-9375fad0c405,2023-10-16 20:23:18,rpgg2.ellibless15,오오오오
10ac76b0-5540-11ee-a0f3-9375fad0c405,2023-10-16 20:19:30,rpgg2.package.etc1,오오오오
10ac76b0-5540-11ee-a0f3-9375fad0c405,2023-10-16 20:19:07,rpgg2.package.etc1,오오오오
c639e6b0-6bda-11ee-80f6-09a58cf34ad6,2023-10-16 20:01:46,rpgg2.ads.free,발산
10ac76b0-5540-11ee-a0f3-9375fad0c405,2023-10-16 18:23:32,rpgg2.package.etc1,오오오오
f7131010-6b88-11ee-8fd8-b184dbdabf7b,2023-10-16 17:20:29,rpgg2.dungeonenter10,이건가
f7131010-6b88-11ee-8fd8-b184dbdabf7b,2023-10-16 17:05:44,rpgg2.equip.packagew12,이건가
f7131010-6b88-11ee-8fd8-b184dbdabf7b,2023-10-16 17:05:32,rpgg2.equip.packagew32,이건가
f7131010-6b88-11ee-8fd8-b184dbdabf7b,2023-10-16 17:05:18,rpgg2.equip.packagew22,이건가
f7131010-6b88-11ee-8fd8-b184dbdabf7b,2023-10-16 17:04:46,rpgg2.dungeonenter200,이건가
f7131010-6b88-11ee-8fd8-b184dbdabf7b,2023-10-16 17:04:32,rpgg2.equip.package3,이건가
f7131010-6b88-11ee-8fd8-b184dbdabf7b,2023-10-16 17:04:18,rpgg2.equip.package2,이건가
f7131010-6b88-11ee-8fd8-b184dbdabf7b,2023-10-16 17:03:55,rpgg2.equip.package1,이건가
d945e5a0-6bea-11ee-80f6-09a58cf34ad6,2023-10-16 15:28:44,rpgg2.ads.free,천우진
f7131010-6b88-11ee-8fd8-b184dbdabf7b,2023-10-16 06:57:43,rpgg2.altar.package2,이건가
f7131010-6b88-11ee-8fd8-b184dbdabf7b,2023-10-16 06:49:43,rpgg2.class6,이건가
f7131010-6b88-11ee-8fd8-b184dbdabf7b,2023-10-16 06:46:11,rpgg2.class4,이건가
f7131010-6b88-11ee-8fd8-b184dbdabf7b,2023-10-16 06:36:27,rpgg2.consume.raid2,이건가
f7131010-6b88-11ee-8fd8-b184dbdabf7b,2023-10-16 06:35:26,rpgg2.altar.package2,이건가
f7131010-6b88-11ee-8fd8-b184dbdabf7b,2023-10-16 06:12:48,rpgg2.ellibless30,이건가
f7131010-6b88-11ee-8fd8-b184dbdabf7b,2023-10-16 06:11:54,rpgg2.package.5500,이건가
f7131010-6b88-11ee-8fd8-b184dbdabf7b,2023-10-16 06:11:33,rpgg2.package.1100,이건가
f7131010-6b88-11ee-8fd8-b184dbdabf7b,2023-10-16 04:42:18,rpgg2.class2,이건가
f7131010-6b88-11ee-8fd8-b184dbdabf7b,2023-10-16 04:41:57,rpgg2.class1,이건가
2b9ce3c0-4216-11ee-9c6e-59ac4068aa31,2023-10-16 04:32:53,rpgg2.ellibless30,행보관
f7131010-6b88-11ee-8fd8-b184dbdabf7b,2023-10-16 04:26:32,rpgg2.ads.free,이건가
dbbc6a80-555a-11ee-a0f3-9375fad0c405,2023-10-16 01:30:46,rpgg2.consume.raid2,고독
dbbc6a80-555a-11ee-a0f3-9375fad0c405,2023-10-16 01:28:38,rpgg2.package.etc1,고독
05815d30-3b84-11ee-8002-318e204d26c9,2023-10-16 01:26:35,rpgg2.class4,망구랑
dbbc6a80-555a-11ee-a0f3-9375fad0c405,2023-10-16 01:26:26,rpgg2.package.etc1,고독
05815d30-3b84-11ee-8002-318e204d26c9,2023-10-16 01:26:20,rpgg2.class3,망구랑
05815d30-3b84-11ee-8002-318e204d26c9,2023-10-16 01:14:33,rpgg2.class2,망구랑
05815d30-3b84-11ee-8002-318e204d26c9,2023-10-16 00:53:32,rpgg2.class1,망구랑
dbad65a0-6b6f-11ee-8018-479f26adfdd3,2023-10-16 00:42:35,rpgg2.package.1100,2레벨무신
dbad65a0-6b6f-11ee-8018-479f26adfdd3,2023-10-16 00:42:15,rpgg2.ads.free,2레벨무신
a6136d10-6082-11ee-bc44-b55ed0d9e095,2023-10-16 00:27:03,rpgg2.equip.packagew12,하그
a6136d10-6082-11ee-bc44-b55ed0d9e095,2023-10-16 00:26:43,rpgg2.equip.packagew22,하그
a6136d10-6082-11ee-bc44-b55ed0d9e095,2023-10-16 00:20:16,rpgg2.equip.packagew2,하그
a6136d10-6082-11ee-bc44-b55ed0d9e095,2023-10-16 00:19:59,rpgg2.equip.packagew1,하그
a6136d10-6082-11ee-bc44-b55ed0d9e095,2023-10-16 00:15:22,rpgg2.equip.packagew32,하그
a6136d10-6082-11ee-bc44-b55ed0d9e095,2023-10-16 00:08:22,rpgg2.equip.packagew32,하그
a6b12a80-6a84-11ee-be18-15a80d48e61e,2023-10-15 17:33:01,rpgg2.class1,은둔
04721760-6aa8-11ee-8c27-43c23d27037b,2023-10-15 10:57:54,rpgg2.ads.free,Maeng9
9bbacf60-6a60-11ee-a410-c12166d729ae,2023-10-15 07:46:01,rpgg2.ads.free,뭉
9bbacf60-6a60-11ee-a410-c12166d729ae,2023-10-15 07:44:28,rpgg2.ellibless30,뭉
a6136d10-6082-11ee-bc44-b55ed0d9e095,2023-10-15 04:40:41,rpgg2.equip.packagew32,하그
deac45d0-4664-11ee-a3d5-99140c040627,2023-10-15 00:54:11,rpgg2.package.skill2,홍연
deac45d0-4664-11ee-a3d5-99140c040627,2023-10-15 00:50:51,rpgg2.package.skill3,홍연
deac45d0-4664-11ee-a3d5-99140c040627,2023-10-15 00:50:39,rpgg2.package.skill3,홍연
deac45d0-4664-11ee-a3d5-99140c040627,2023-10-15 00:48:53,rpgg2.package.skill3,홍연
deac45d0-4664-11ee-a3d5-99140c040627,2023-10-14 23:42:27,rpgg2.package.etc1,홍연
e5079b70-6a6b-11ee-b1dd-6d5665ed4f99,2023-10-14 22:08:13,rpgg2.ellibless30,아키세프
e3e56f20-322f-11ee-9dbb-1de2f2112a6e,2023-10-14 21:39:23,rpgg2.equip.packagew32,아르칸
9715dcc0-6a7e-11ee-b615-d9efc4f4d668,2023-10-14 21:36:35,rpgg2.ellibless15,구덕이
e3e56f20-322f-11ee-9dbb-1de2f2112a6e,2023-10-14 21:30:04,rpgg2.ellibless30,아르칸
6a7b6430-6a30-11ee-a968-8528f54d910b,2023-10-14 21:06:12,rpgg2.ads.free,알피찌찌
a6b12a80-6a84-11ee-be18-15a80d48e61e,2023-10-14 20:43:33,rpgg2.ads.free,은둔
08e47a60-6a60-11ee-8033-d7677dbd725f,2023-10-14 16:14:43,rpgg2.ads.free,시리얼
69b8b310-69c5-11ee-b860-47a5ed04ea65,2023-10-14 11:24:10,rpgg2.ads.free,경우너
69b8b310-69c5-11ee-b860-47a5ed04ea65,2023-10-14 11:23:55,rpgg2.ellibless30,경우너
a7ee91e0-3752-11ee-affb-d3f9e8379793,2023-10-14 07:19:14,rpgg2.equip.packagew32,또호신
7bcf1600-507c-11ee-b31f-99796c3644c6,2023-10-14 06:38:15,rpgg2.package.11000,김영국
3faa2020-68b4-11ee-8605-e9954edd3963,2023-10-14 03:47:13,rpgg2.ellibless30,벤피르
3faa2020-68b4-11ee-8605-e9954edd3963,2023-10-14 02:47:47,rpgg2.all.package2,벤피르
6d5517b0-38c5-11ee-89a9-5b0eb3a18e7e,2023-10-13 23:27:46,rpgg2.ads.free,쀼쀼쀼뿌쀼
458dbb60-26fa-11ee-81d8-7f8ed3c88ec1,2023-10-13 23:19:34,rpgg2.package.etc1,내가두려운가
458dbb60-26fa-11ee-81d8-7f8ed3c88ec1,2023-10-13 23:18:44,rpgg2.package.etc1,내가두려운가
b138f5c0-2ee6-11ee-a632-b149ab1a0fd4,2023-10-13 22:43:19,rpgg2.fire.950002,병욱이
b138f5c0-2ee6-11ee-a632-b149ab1a0fd4,2023-10-13 22:32:55,rpgg2.fire.450002,병욱이
b138f5c0-2ee6-11ee-a632-b149ab1a0fd4,2023-10-13 22:31:35,rpgg2.ellibless30,병욱이
68ae2c20-68ad-11ee-b6cc-091132279210,2023-10-13 21:43:43,rpgg2.ellibless30,3434
3faa2020-68b4-11ee-8605-e9954edd3963,2023-10-13 21:20:38,rpgg2.package.etc1,벤피르
dbbc6a80-555a-11ee-a0f3-9375fad0c405,2023-10-13 16:04:59,rpgg2.equip.packagew32,고독
dbbc6a80-555a-11ee-a0f3-9375fad0c405,2023-10-13 16:04:43,rpgg2.equip.packagew32,고독
dbbc6a80-555a-11ee-a0f3-9375fad0c405,2023-10-13 15:54:44,rpgg2.ellibless30,고독
03f6b970-6982-11ee-8c75-8fe931218381,2023-10-13 13:51:23,rpgg2.ads.free,낙원
b8963b90-68a5-11ee-a485-e7e3fde8bba4,2023-10-13 12:33:35,rpgg2.class1,모코코
67d9a830-3101-11ee-ae01-d3e4960aaaf1,2023-10-13 09:11:03,rpgg2.package.etc1,시온
48f04fd0-58a9-11ee-9ba0-1914195d47f3,2023-10-13 08:59:30,rpgg2.equip.packagew3,훈뜨루
df771bd0-554a-11ee-bcd9-6d87c6c40dc1,2023-10-13 08:27:58,rpgg2.class2,비등
ab312030-68ca-11ee-a388-2da54fb5b5ab,2023-10-13 07:10:26,rpgg2.class1,기태
d83f0d50-6913-11ee-aa09-d1b127e82db4,2023-10-13 01:06:54,rpgg2.ads.free,택이묭
8e05e7a0-6917-11ee-b82c-4bd41c5d2908,2023-10-13 01:03:49,rpgg2.ads.free,김상홍
a8289c80-6909-11ee-a60d-fb68938c5d36,2023-10-13 00:33:17,rpgg2.class1,놀이
deac45d0-4664-11ee-a3d5-99140c040627,2023-10-13 00:01:18,rpgg2.ellibless30,홍연
49b44650-32fd-11ee-9212-0deac338aac4,2023-10-12 18:20:46,rpgg2.consume.raid2,누굴
68ae2c20-68ad-11ee-b6cc-091132279210,2023-10-12 17:55:40,rpgg2.ads.free,3434
3faa2020-68b4-11ee-8605-e9954edd3963,2023-10-12 16:18:37,rpgg2.ads.free,벤피르
f5289a40-68cc-11ee-b6cc-091132279210,2023-10-12 16:04:53,rpgg2.ads.free,섭이님
a7ee91e0-3752-11ee-affb-d3f9e8379793,2023-10-12 14:23:34,rpgg2.fire.255002,또호신
a7ee91e0-3752-11ee-affb-d3f9e8379793,2023-10-12 14:23:11,rpgg2.equip.package3,또호신
a7ee91e0-3752-11ee-affb-d3f9e8379793,2023-10-12 14:17:42,rpgg2.fire.85002,또호신
a7ee91e0-3752-11ee-affb-d3f9e8379793,2023-10-12 14:15:19,rpgg2.fire.40002,또호신
a7ee91e0-3752-11ee-affb-d3f9e8379793,2023-10-12 14:10:14,rpgg2.fire.85002,또호신
f8ade6c0-67d7-11ee-8160-815c0be55c29,2023-10-12 13:28:35,rpgg2.class2,데자와
f8ade6c0-67d7-11ee-8160-815c0be55c29,2023-10-12 13:27:59,rpgg2.class1,데자와
48f04fd0-58a9-11ee-9ba0-1914195d47f3,2023-10-12 08:59:08,rpgg2.equip.packagew32,훈뜨루
48f04fd0-58a9-11ee-9ba0-1914195d47f3,2023-10-12 08:50:44,rpgg2.equip.packagew32,훈뜨루
7913e790-4ca0-11ee-89fd-7f6cbd090901,2023-10-12 06:52:23,rpgg2.package.skill3,12312
7913e790-4ca0-11ee-89fd-7f6cbd090901,2023-10-12 06:52:16,rpgg2.package.etc1,12312
7913e790-4ca0-11ee-89fd-7f6cbd090901,2023-10-12 06:52:02,rpgg2.package.skill3,12312
2b9ce3c0-4216-11ee-9c6e-59ac4068aa31,2023-10-12 01:37:44,rpgg2.equip.packagew32,행보관
48f04fd0-58a9-11ee-9ba0-1914195d47f3,2023-10-12 01:18:54,rpgg2.package.etc1,훈뜨루
48f04fd0-58a9-11ee-9ba0-1914195d47f3,2023-10-12 01:16:21,rpgg2.consume.raid1,훈뜨루
ac431040-453a-11ee-8189-e19e65e4f70e,2023-10-12 00:46:21,rpgg2.fire.40002,44구경
69a271b0-67b1-11ee-9888-a548bf34ec2c,2023-10-11 23:07:21,rpgg2.ads.free,아이런슈이발
1b63db00-65e1-11ee-afe8-6f53e857665a,2023-10-11 22:23:43,rpgg2.equip.package3,끄
48f04fd0-58a9-11ee-9ba0-1914195d47f3,2023-10-11 15:20:02,rpgg2.equip.packagew3,훈뜨루
875f1260-67f4-11ee-87ca-014f2f34d247,2023-10-11 15:08:27,rpgg2.ellibless15,고환
f8ade6c0-67d7-11ee-8160-815c0be55c29,2023-10-11 14:48:56,rpgg2.class4,데자와
1f07f120-5438-11ee-8982-5db1e6de59c1,2023-10-11 13:12:32,rpgg2.consume.raid2,두려운가
d5e106f0-3b9e-11ee-ac8f-49578d575eae,2023-10-11 12:08:30,rpgg2.ads.free,엥서연
2b9ce3c0-4216-11ee-9c6e-59ac4068aa31,2023-10-11 10:58:28,rpgg2.equip.package3,행보관
1b63db00-65e1-11ee-afe8-6f53e857665a,2023-10-11 08:57:13,rpgg2.class5,끄
1b63db00-65e1-11ee-afe8-6f53e857665a,2023-10-11 08:53:42,rpgg2.class2,끄
1b63db00-65e1-11ee-afe8-6f53e857665a,2023-10-11 08:52:17,rpgg2.package.33000,끄
1b63db00-65e1-11ee-afe8-6f53e857665a,2023-10-11 08:51:31,rpgg2.package.5500,끄
e3e56f20-322f-11ee-9dbb-1de2f2112a6e,2023-10-11 08:44:15,rpgg2.package.etc1,아르칸
49b44650-32fd-11ee-9212-0deac338aac4,2023-10-11 07:44:56,rpgg2.altar.package2,누굴
458dbb60-26fa-11ee-81d8-7f8ed3c88ec1,2023-10-11 06:11:28,rpgg2.fire.950002,내가두려운가
458dbb60-26fa-11ee-81d8-7f8ed3c88ec1,2023-10-11 06:10:44,rpgg2.consume.raid2,내가두려운가
458dbb60-26fa-11ee-81d8-7f8ed3c88ec1,2023-10-11 06:10:31,rpgg2.consume.raid2,내가두려운가
458dbb60-26fa-11ee-81d8-7f8ed3c88ec1,2023-10-11 06:10:15,rpgg2.equip.packagew32,내가두려운가
458dbb60-26fa-11ee-81d8-7f8ed3c88ec1,2023-10-11 06:10:00,rpgg2.equip.packagew32,내가두려운가
458dbb60-26fa-11ee-81d8-7f8ed3c88ec1,2023-10-11 06:09:27,rpgg2.package.etc1,내가두려운가
458dbb60-26fa-11ee-81d8-7f8ed3c88ec1,2023-10-11 06:09:14,rpgg2.package.etc1,내가두려운가
1f07f120-5438-11ee-8982-5db1e6de59c1,2023-10-11 05:53:18,rpgg2.consume.raid2,두려운가
1f07f120-5438-11ee-8982-5db1e6de59c1,2023-10-11 05:50:29,rpgg2.package.etc1,두려운가
aab43640-6791-11ee-a895-b551aa6448af,2023-10-11 02:31:37,rpgg2.ads.free,Adam
91f83c20-5dc1-11ee-bc60-67aad166c5ca,2023-10-10 23:13:24,rpgg2.ellibless30,무무모
49b44650-32fd-11ee-9212-0deac338aac4,2023-10-10 20:51:23,rpgg2.ellibless30,누굴
c6eea530-674f-11ee-9d26-1f3342767eba,2023-10-10 19:25:54,rpgg2.ads.free,똠양꿍
1f07f120-5438-11ee-8982-5db1e6de59c1,2023-10-10 19:10:49,rpgg2.ellibless30,두려운가
a7ee91e0-3752-11ee-affb-d3f9e8379793,2023-10-10 16:14:04,rpgg2.fire.40002,또호신
458dbb60-26fa-11ee-81d8-7f8ed3c88ec1,2023-10-10 14:40:42,rpgg2.ellibless30,내가두려운가
458dbb60-26fa-11ee-81d8-7f8ed3c88ec1,2023-10-10 14:40:17,rpgg2.package.etc1,내가두려운가
1f07f120-5438-11ee-8982-5db1e6de59c1,2023-10-10 12:39:39,rpgg2.package.etc1,두려운가
83053610-4b14-11ee-a1ff-33d059fa5645,2023-10-10 11:31:14,rpgg2.package.etc1,서경기
e3e56f20-322f-11ee-9dbb-1de2f2112a6e,2023-10-10 10:50:01,rpgg2.package.etc1,아르칸
e3e56f20-322f-11ee-9dbb-1de2f2112a6e,2023-10-10 10:45:26,rpgg2.package.etc1,아르칸
49b44650-32fd-11ee-9212-0deac338aac4,2023-10-10 01:53:14,rpgg2.package.etc1,누굴
a6136d10-6082-11ee-bc44-b55ed0d9e095,2023-10-10 01:44:51,rpgg2.equip.packagew32,하그
0c8771d0-63a9-11ee-ae1f-bff1e450ec35,2023-10-09 23:00:14,rpgg2.class4,마찌
0c8771d0-63a9-11ee-ae1f-bff1e450ec35,2023-10-09 23:00:00,rpgg2.class1,마찌
a6136d10-6082-11ee-bc44-b55ed0d9e095,2023-10-09 22:00:32,rpgg2.package.skill3,하그
31016a20-5f76-11ee-a298-3b053e32462a,2023-10-09 21:49:29,rpgg2.ellibless30,200btc
a6136d10-6082-11ee-bc44-b55ed0d9e095,2023-10-09 21:37:52,rpgg2.package.skill3,하그
a6136d10-6082-11ee-bc44-b55ed0d9e095,2023-10-09 21:35:56,rpgg2.package.skill3,하그
1b63db00-65e1-11ee-afe8-6f53e857665a,2023-10-08 23:07:21,rpgg2.package.11000,끄
1b63db00-65e1-11ee-afe8-6f53e857665a,2023-10-08 23:06:22,rpgg2.all.package1,끄
1b63db00-65e1-11ee-afe8-6f53e857665a,2023-10-08 23:05:56,rpgg2.package.1100,끄
1b63db00-65e1-11ee-afe8-6f53e857665a,2023-10-08 23:05:05,rpgg2.ads.free,끄
31016a20-5f76-11ee-a298-3b053e32462a,2023-10-08 22:46:17,rpgg2.package.33000,200btc
a6136d10-6082-11ee-bc44-b55ed0d9e095,2023-10-08 21:36:19,rpgg2.resource.package1,하그
a6136d10-6082-11ee-bc44-b55ed0d9e095,2023-10-08 21:22:16,rpgg2.package.skill2,하그
a6136d10-6082-11ee-bc44-b55ed0d9e095,2023-10-08 20:08:28,rpgg2.dungeonenter10,하그
a6136d10-6082-11ee-bc44-b55ed0d9e095,2023-10-08 19:45:53,rpgg2.equip.packagew32,하그
31016a20-5f76-11ee-a298-3b053e32462a,2023-10-08 19:31:37,rpgg2.package.5500,200btc
31016a20-5f76-11ee-a298-3b053e32462a,2023-10-08 19:31:05,rpgg2.package.11000,200btc
973be820-4a0d-11ee-8d60-8141271a0751,2023-10-08 18:05:05,rpgg2.package.etc1,awda
973be820-4a0d-11ee-8d60-8141271a0751,2023-10-08 18:05:00,rpgg2.package.etc1,awda
48f04fd0-58a9-11ee-9ba0-1914195d47f3,2023-10-08 10:40:51,rpgg2.class5,훈뜨루
48f04fd0-58a9-11ee-9ba0-1914195d47f3,2023-10-08 07:46:04,rpgg2.class4,훈뜨루
48f04fd0-58a9-11ee-9ba0-1914195d47f3,2023-10-08 07:17:44,rpgg2.equip.packagew3,훈뜨루
48f04fd0-58a9-11ee-9ba0-1914195d47f3,2023-10-08 07:17:28,rpgg2.equip.packagew3,훈뜨루
973be820-4a0d-11ee-8d60-8141271a0751,2023-10-08 01:37:38,rpgg2.all.package2,awda
973be820-4a0d-11ee-8d60-8141271a0751,2023-10-08 01:37:33,rpgg2.ads.free,awda
973be820-4a0d-11ee-8d60-8141271a0751,2023-10-08 01:37:29,rpgg2.all.package1,awda
48f04fd0-58a9-11ee-9ba0-1914195d47f3,2023-10-08 00:19:43,rpgg2.ellibless30,훈뜨루
b04f6e50-3e77-11ee-821c-617e7d2a4961,2023-10-07 17:51:15,rpgg2.class4,추브으리
b04f6e50-3e77-11ee-821c-617e7d2a4961,2023-10-07 17:50:58,rpgg2.class1,추브으리
b04f6e50-3e77-11ee-821c-617e7d2a4961,2023-10-07 17:50:33,rpgg2.package.33000,추브으리
48f04fd0-58a9-11ee-9ba0-1914195d47f3,2023-10-07 10:33:13,rpgg2.equip.packagew3,훈뜨루
48f04fd0-58a9-11ee-9ba0-1914195d47f3,2023-10-07 10:32:53,rpgg2.equip.packagew3,훈뜨루
a6136d10-6082-11ee-bc44-b55ed0d9e095,2023-10-07 05:39:17,rpgg2.package.skill2,하그
a6136d10-6082-11ee-bc44-b55ed0d9e095,2023-10-07 05:39:01,rpgg2.package.skill2,하그
48f04fd0-58a9-11ee-9ba0-1914195d47f3,2023-10-07 01:39:31,rpgg2.equip.packagew32,훈뜨루
db9f86e0-5af0-11ee-a1ef-eb8ad4e4df70,2023-10-07 01:16:58,rpgg2.fire.85002,집사
a7ee91e0-3752-11ee-affb-d3f9e8379793,2023-10-06 22:07:45,rpgg2.equip.package3,또호신
0c8771d0-63a9-11ee-ae1f-bff1e450ec35,2023-10-06 21:48:40,rpgg2.ads.free,마찌
48f04fd0-58a9-11ee-9ba0-1914195d47f3,2023-10-06 14:24:53,rpgg2.equip.packagew32,훈뜨루
a6136d10-6082-11ee-bc44-b55ed0d9e095,2023-10-06 08:50:13,rpgg2.package.skill3,하그
a6136d10-6082-11ee-bc44-b55ed0d9e095,2023-10-06 08:45:27,rpgg2.package.skill3,하그
a6136d10-6082-11ee-bc44-b55ed0d9e095,2023-10-06 07:04:14,rpgg2.package.skill3,하그
7913e790-4ca0-11ee-89fd-7f6cbd090901,2023-10-06 03:35:20,rpgg2.equip.packagew32,12312
7913e790-4ca0-11ee-89fd-7f6cbd090901,2023-10-06 03:32:11,rpgg2.equip.packagew32,12312
7913e790-4ca0-11ee-89fd-7f6cbd090901,2023-10-06 03:31:41,rpgg2.equip.packagew12,12312
a6136d10-6082-11ee-bc44-b55ed0d9e095,2023-10-05 21:32:48,rpgg2.resource.package1,하그
a6136d10-6082-11ee-bc44-b55ed0d9e095,2023-10-05 21:29:38,rpgg2.equip.packagew3,하그
a6136d10-6082-11ee-bc44-b55ed0d9e095,2023-10-05 18:49:27,rpgg2.package.skill1,하그
a6136d10-6082-11ee-bc44-b55ed0d9e095,2023-10-05 18:44:42,rpgg2.package.skill1,하그
b1738e80-62bf-11ee-9428-410c530c4f03,2023-10-05 06:27:57,rpgg2.resource.package1,하린로검
14ef3e40-62da-11ee-bc74-a3ebad1b0797,2023-10-05 03:10:11,rpgg2.ellibless30,전승관
1b7fa2b0-5f86-11ee-a298-3b053e32462a,2023-10-05 01:10:25,rpgg2.ads.free,레드가넷
540555d0-5ec8-11ee-8b80-4b9d25fd874c,2023-10-05 00:28:33,rpgg2.equip.package,뚜루룽땡이
540555d0-5ec8-11ee-8b80-4b9d25fd874c,2023-10-05 00:21:47,rpgg2.dungeonenter10,뚜루룽땡이
b1738e80-62bf-11ee-9428-410c530c4f03,2023-10-04 23:30:21,rpgg2.package.11000,하린로검
b1738e80-62bf-11ee-9428-410c530c4f03,2023-10-04 23:29:53,rpgg2.package.5500,하린로검
b1738e80-62bf-11ee-9428-410c530c4f03,2023-10-04 23:29:23,rpgg2.package.1100,하린로검
b1738e80-62bf-11ee-9428-410c530c4f03,2023-10-04 23:24:19,rpgg2.ads.free,하린로검
a6136d10-6082-11ee-bc44-b55ed0d9e095,2023-10-04 23:03:23,rpgg2.class4,하그
a6136d10-6082-11ee-bc44-b55ed0d9e095,2023-10-04 20:44:52,rpgg2.dungeonenter10,하그
a6136d10-6082-11ee-bc44-b55ed0d9e095,2023-10-04 20:18:19,rpgg2.dungeonenter10,하그
48f04fd0-58a9-11ee-9ba0-1914195d47f3,2023-10-04 11:19:01,rpgg2.equip.packagew3,훈뜨루
7913e790-4ca0-11ee-89fd-7f6cbd090901,2023-10-04 10:28:22,rpgg2.fire.40002,12312
a7ee91e0-3752-11ee-affb-d3f9e8379793,2023-10-04 08:05:36,rpgg2.fire.85002,또호신
a7ee91e0-3752-11ee-affb-d3f9e8379793,2023-10-04 08:00:01,rpgg2.fire.85002,또호신
a7ee91e0-3752-11ee-affb-d3f9e8379793,2023-10-04 07:54:13,rpgg2.fire.40002,또호신
dbbc6a80-555a-11ee-a0f3-9375fad0c405,2023-10-04 00:24:40,rpgg2.equip.package3,고독
a6136d10-6082-11ee-bc44-b55ed0d9e095,2023-10-03 20:24:23,rpgg2.consume.raid2,하그
9fb35c80-5ea9-11ee-a298-3b053e32462a,2023-10-03 20:21:57,rpgg2.class1,히나
a7ee91e0-3752-11ee-affb-d3f9e8379793,2023-10-03 17:16:01,rpgg2.fire.40002,또호신
a6136d10-6082-11ee-bc44-b55ed0d9e095,2023-10-03 16:58:51,rpgg2.resource.package1,하그
db9f86e0-5af0-11ee-a1ef-eb8ad4e4df70,2023-10-03 14:11:11,rpgg2.equip.package3,집사
db9f86e0-5af0-11ee-a1ef-eb8ad4e4df70,2023-10-03 13:50:01,rpgg2.dungeonenter200,집사
a7ee91e0-3752-11ee-affb-d3f9e8379793,2023-10-03 12:47:34,rpgg2.equip.package3,또호신
a7ee91e0-3752-11ee-affb-d3f9e8379793,2023-10-03 12:47:09,rpgg2.equip.package2,또호신
a7ee91e0-3752-11ee-affb-d3f9e8379793,2023-10-03 10:15:37,rpgg2.equip.package3,또호신
a7ee91e0-3752-11ee-affb-d3f9e8379793,2023-10-03 10:15:20,rpgg2.equip.package2,또호신
51ecf2e0-512f-11ee-9f69-f3037c746e2c,2023-10-03 02:05:04,rpgg2.ellibless15,조파르타
cd222990-60fb-11ee-8ed6-fdd3df226083,2023-10-03 00:48:01,rpgg2.ads.free,배준수
cd222990-60fb-11ee-8ed6-fdd3df226083,2023-10-03 00:41:26,rpgg2.ellibless30,배준수
540555d0-5ec8-11ee-8b80-4b9d25fd874c,2023-10-02 23:11:58,rpgg2.ellibless15,뚜루룽땡이
540555d0-5ec8-11ee-8b80-4b9d25fd874c,2023-10-02 23:11:19,rpgg2.fire.40002,뚜루룽땡이
540555d0-5ec8-11ee-8b80-4b9d25fd874c,2023-10-02 23:10:43,rpgg2.dungeonenter10,뚜루룽땡이
e3e56f20-322f-11ee-9dbb-1de2f2112a6e,2023-10-02 16:32:04,rpgg2.equip.packagew32,아르칸
d0832b20-5935-11ee-9ba0-1914195d47f3,2023-10-02 13:01:18,rpgg2.class1,라인한별
67d9a830-3101-11ee-ae01-d3e4960aaaf1,2023-10-02 11:23:48,rpgg2.ellibless30,시온
c45aed50-5f80-11ee-b168-0785b865c8d4,2023-10-02 08:53:52,rpgg2.class5,딱딱춘봉
a6136d10-6082-11ee-bc44-b55ed0d9e095,2023-10-02 08:27:31,rpgg2.class5,하그
a6136d10-6082-11ee-bc44-b55ed0d9e095,2023-10-02 08:23:51,rpgg2.class4,하그
a6136d10-6082-11ee-bc44-b55ed0d9e095,2023-10-02 08:14:50,rpgg2.class3,하그
a6136d10-6082-11ee-bc44-b55ed0d9e095,2023-10-02 08:14:37,rpgg2.class3,하그
a6136d10-6082-11ee-bc44-b55ed0d9e095,2023-10-02 08:10:41,rpgg2.all.package1,하그
d4bbd350-60aa-11ee-ab10-2d6fe163bd59,2023-10-02 07:41:35,rpgg2.ads.free,뭉둥치
a6136d10-6082-11ee-bc44-b55ed0d9e095,2023-10-02 04:08:51,rpgg2.ellibless30,하그
a6136d10-6082-11ee-bc44-b55ed0d9e095,2023-10-02 02:55:49,rpgg2.ads.free,하그
70c4c770-2708-11ee-a4a8-bb87d3382c11,2023-10-02 01:28:51,rpgg2.equip.packagew32,clover2
540555d0-5ec8-11ee-8b80-4b9d25fd874c,2023-10-02 00:28:01,rpgg2.equip.packagew3,뚜루룽땡이
540555d0-5ec8-11ee-8b80-4b9d25fd874c,2023-10-02 00:16:27,rpgg2.dungeonenter10,뚜루룽땡이
540555d0-5ec8-11ee-8b80-4b9d25fd874c,2023-10-02 00:16:13,rpgg2.resource.package1,뚜루룽땡이
85acd910-5e31-11ee-8b80-4b9d25fd874c,2023-10-01 14:37:00,rpgg2.dungeonenter200,씅
c02a1270-6010-11ee-85ed-c5616666fb3f,2023-10-01 13:30:11,rpgg2.ads.free,오브아나
c45aed50-5f80-11ee-b168-0785b865c8d4,2023-10-01 03:34:58,rpgg2.dungeonenter10,딱딱춘봉
d20be5c0-331c-11ee-868c-91fb7133dd8d,2023-10-01 02:16:29,rpgg2.fire.40002,졔
c45aed50-5f80-11ee-b168-0785b865c8d4,2023-10-01 00:42:29,rpgg2.ellibless30,딱딱춘봉
c45aed50-5f80-11ee-b168-0785b865c8d4,2023-10-01 00:41:30,rpgg2.ads.free,딱딱춘봉
